,Data,Leonardo,Poste Italiane,Telecom Italia,Generali,UniCredit,Stellantis,Intesa Sanpaolo,Ferrari,Enel,Eni,FTSE MIB
0,2020-01-02,10.475,10.195,0.5595,18.51,13.488,10.771,2.381,149.55,7.212,14.008,23836.26
1,2020-01-03,10.58,10.065,0.5577,18.415,13.328,10.547,2.3495,149.5,7.211,14.106,23702.35
2,2020-01-06,10.875,9.978,0.5526,18.28,13.082,10.404,2.34,148.2,7.226,14.316,23581.29
3,2020-01-07,11.02,10.235,0.5476,18.415,13.16,10.452,2.345,148.8,7.23,14.32,23723.38
4,2020-01-08,11.35,10.095,0.5317,18.395,13.328,10.32,2.338,151.6,7.27,14.206,23832.02
5,2020-01-09,11.29,10.255,0.5263,18.47,13.518,10.349,2.374,152.75,7.305,14.14,24016.7
6,2020-01-10,11.345,10.21,0.5247,18.54,13.4,10.347,2.357,156.0,7.417,14.1,24021.4
7,2020-01-13,11.31,10.15,0.5121,18.4,13.29,10.283,2.341,155.65,7.4,14.04,23896.59
8,2020-01-14,11.11,10.06,0.515,18.43,13.398,10.252,2.347,156.25,7.4,13.874,23928.21
9,2020-01-15,11.06,10.065,0.5059,18.2,13.05,10.058,2.32,155.2,7.421,13.798,23763.86
10,2020-01-16,11.0,10.045,0.5099,18.295,13.116,10.044,2.3225,154.25,7.611,13.888,23940.41
11,2020-01-17,11.115,10.285,0.5123,18.34,13.15,10.026,2.3365,157.1,7.725,13.916,24141.07
12,2020-01-20,11.085,10.38,0.5114,18.305,12.92,10.047,2.3185,157.25,7.629,13.882,24002.45
13,2020-01-21,10.985,10.41,0.5066,18.255,12.994,9.944,2.304,155.1,7.61,13.714,23845.28
14,2020-01-22,10.965,10.275,0.4994,18.135,12.57,9.855,2.28,156.55,7.546,13.558,23706.29
15,2020-01-23,10.91,10.26,0.4942,17.935,12.556,9.715,2.268,155.3,7.62,13.458,23707.05
16,2020-01-24,11.175,10.585,0.5043,18.14,12.444,9.792,2.278,157.0,7.819,13.47,23969.13
17,2020-01-27,10.765,10.635,0.4935,17.72,12.336,9.562,2.255,151.2,7.674,13.196,23416.13
18,2020-01-28,10.835,11.08,0.5052,18.175,12.642,9.689,2.3055,156.35,7.899,13.398,24027.63
19,2020-01-29,11.205,10.995,0.5169,18.245,12.64,9.783,2.32,156.6,8.009,13.288,24164.73
20,2020-01-30,10.97,10.79,0.5054,17.89,12.384,9.618,2.2915,154.4,8.088,12.926,23781.1
21,2020-01-31,11.18,10.35,0.4868,17.595,12.082,9.462,2.2455,152.5,7.855,12.658,23237.03
22,2020-02-03,11.14,10.505,0.482,17.685,12.206,9.534,2.285,154.25,7.966,12.61,23460.01
23,2020-02-04,11.5,10.705,0.4918,17.945,12.58,9.686,2.3515,150.7,8.0,12.788,23844.85
24,2020-02-05,11.485,10.725,0.4895,18.135,12.832,9.928,2.4495,153.3,8.07,13.028,24236.63
25,2020-02-06,11.46,10.795,0.502,18.325,13.878,10.008,2.4715,153.4,8.13,12.97,24490.35
26,2020-02-07,11.82,10.905,0.4948,18.355,13.906,9.846,2.476,153.15,8.177,12.906,24478.32
27,2020-02-10,11.71,10.905,0.4906,18.44,13.964,9.665,2.459,153.25,8.2,12.78,24507.7
28,2020-02-11,11.63,11.035,0.4984,18.495,14.174,9.784,2.4825,156.6,8.193,12.926,24688.89
29,2020-02-12,11.755,10.975,0.5065,18.575,14.122,10.149,2.5075,159.55,8.132,13.1,24861.28
30,2020-02-13,11.635,10.98,0.525,18.6,14.028,10.026,2.51,158.65,8.207,12.988,24892.15
31,2020-02-14,11.475,10.95,0.5177,18.72,13.886,9.889,2.5075,159.75,8.277,12.892,24867.01
32,2020-02-17,11.375,10.935,0.5201,18.775,14.15,9.936,2.54,163.25,8.394,13.028,25120.54
33,2020-02-18,11.39,11.34,0.5194,18.78,14.06,9.844,2.6,164.95,8.467,12.91,25223.51
34,2020-02-19,11.255,11.51,0.5219,18.88,14.132,9.894,2.6035,167.2,8.566,12.938,25477.55
35,2020-02-20,11.05,11.285,0.5147,18.595,13.718,9.9,2.55,164.15,8.433,12.9,25080.16
36,2020-02-21,11.03,11.295,0.5342,18.43,13.184,9.742,2.5215,159.8,8.444,12.764,24773.15
37,2020-02-24,10.29,10.495,0.513,17.435,12.64,9.145,2.3765,151.3,8.03,12.168,23427.19
38,2020-02-25,10.0,10.335,0.5104,17.335,12.412,9.079,2.33,151.0,7.805,11.976,23090.44
39,2020-02-26,10.07,10.54,0.5283,17.265,12.552,9.497,2.381,150.15,7.955,12.064,23422.54
40,2020-02-27,9.636,10.085,0.527,16.9,12.002,9.325,2.2885,144.5,7.916,11.758,22799.37
41,2020-02-28,9.238,9.614,0.5001,16.26,11.538,9.066,2.1985,141.55,7.576,11.158,21984.21
42,2020-03-02,8.952,9.262,0.4864,15.98,11.03,8.733,2.1365,141.15,7.64,11.118,21655.09
43,2020-03-03,9.082,9.62,0.4779,15.98,10.562,8.823,2.119,143.3,7.793,11.12,21748.2
44,2020-03-04,8.798,9.688,0.4809,16.07,10.294,8.865,2.1275,142.0,8.24,11.152,21946.03
45,2020-03-05,8.888,9.432,0.4584,15.735,10.134,8.744,2.0465,139.95,8.145,10.968,21554.88
46,2020-03-06,8.5,9.722,0.4321,15.24,9.952,8.483,1.9772,135.0,7.891,10.234,20799.89
47,2020-03-09,7.52,8.458,0.3907,13.76,8.614,7.566,1.75,124.7,7.106,8.1,18475.91
48,2020-03-10,7.568,7.878,0.3672,13.55,8.314,7.523,1.7088,125.5,6.704,8.165,17870.18
49,2020-03-11,7.386,7.88,0.3817,13.55,8.54,7.679,1.7792,129.15,6.52,8.05,17928.64
50,2020-03-12,5.75,6.144,0.3112,11.795,7.066,6.307,1.4628,115.9,5.226,6.592,14894.44
51,2020-03-13,6.082,6.744,0.335,12.07,7.713,6.759,1.5544,123.2,5.619,6.911,15954.29
52,2020-03-16,5.344,6.502,0.2938,11.295,6.743,5.782,1.4028,122.0,5.486,6.492,14980.34
53,2020-03-17,5.218,6.496,0.3269,10.85,7.01,5.536,1.4514,126.15,5.72,6.866,15314.77
54,2020-03-18,4.719,6.37,0.3594,10.385,7.0,4.936,1.4086,127.5,5.89,6.694,15120.48
55,2020-03-19,4.766,6.914,0.3774,10.735,7.37,4.682,1.4252,130.4,5.83,6.965,15466.97
56,2020-03-20,4.702,6.936,0.3745,10.89,7.934,4.955,1.4654,131.0,5.889,7.293,15731.85
57,2020-03-23,4.59,7.176,0.3845,10.895,7.605,4.745,1.4488,125.2,5.972,7.287,15559.8
58,2020-03-24,5.25,7.666,0.396,12.1,8.365,5.355,1.5836,138.6,6.311,8.375,16948.6
59,2020-03-25,5.842,7.736,0.3868,12.45,8.433,5.511,1.6162,139.9,6.3,8.723,17243.68
60,2020-03-26,6.196,8.098,0.3676,12.66,8.303,5.557,1.631,141.2,6.279,8.711,17369.38
61,2020-03-27,6.04,7.852,0.363,12.375,7.86,5.224,1.5666,137.6,6.155,8.217,16822.59
62,2020-03-30,5.964,7.916,0.3601,12.365,7.274,5.089,1.4708,139.15,6.386,8.593,16872.41
63,2020-03-31,6.072,7.72,0.3724,12.41,7.147,5.3,1.4884,141.55,6.339,9.22,17050.94
64,2020-04-01,5.858,7.392,0.3717,12.095,6.86,5.099,1.4348,136.65,6.068,9.2,16544.97
65,2020-04-02,6.08,7.772,0.3793,12.33,6.779,5.069,1.4378,135.35,6.145,9.838,16834.03
66,2020-04-03,6.314,7.83,0.3802,12.185,6.54,5.0,1.3292,126.4,6.069,9.325,16384.35
67,2020-04-06,6.786,8.04,0.3924,12.545,7.107,5.336,1.4582,132.5,6.14,9.315,17039.31
68,2020-04-07,6.96,8.156,0.387,12.785,7.35,5.681,1.469,136.35,6.375,9.428,17411.72
69,2020-04-08,7.036,8.278,0.3795,12.785,7.314,5.741,1.4492,141.25,6.285,9.295,17380.82
70,2020-04-09,7.15,8.306,0.3707,12.87,7.437,6.032,1.445,140.6,6.453,9.308,17621.62
71,2020-04-14,7.084,8.34,0.3685,13.135,7.1,6.016,1.4062,141.45,6.447,9.167,17558.43
72,2020-04-15,6.68,7.606,0.3534,12.6,6.622,5.711,1.3484,137.6,6.207,8.582,16719.07
73,2020-04-16,6.622,7.668,0.349,12.39,6.666,5.733,1.3602,142.95,6.249,8.454,16768.14
74,2020-04-17,6.662,7.7,0.345,12.53,6.863,5.905,1.3762,148.6,6.209,8.587,17055.47
75,2020-04-20,6.576,7.612,0.349,12.53,6.897,5.992,1.383,145.6,6.192,8.434,17064.14
76,2020-04-21,6.2,7.45,0.3369,12.165,6.59,5.724,1.32,142.6,6.005,7.96,16450.85
77,2020-04-22,5.96,7.568,0.3354,12.365,6.718,5.847,1.3382,145.3,5.985,8.348,16765.28
78,2020-04-23,6.24,7.518,0.3467,12.465,6.9,6.053,1.3844,146.55,5.926,8.472,17011.11
79,2020-04-24,6.128,7.398,0.3373,12.37,6.688,5.928,1.3438,144.05,5.9,8.25,16858.89
80,2020-04-27,6.146,7.882,0.3449,12.745,6.969,6.208,1.3952,147.0,6.07,8.404,17380.21
81,2020-04-28,6.114,7.868,0.3446,12.97,7.228,6.364,1.4472,145.9,6.15,8.684,17677.15
82,2020-04-29,6.446,8.03,0.3644,13.3,7.376,6.597,1.4804,146.35,6.27,8.957,18067.29
83,2020-04-30,6.294,7.752,0.3616,13.015,7.029,6.465,1.423,143.4,6.236,8.714,17690.49
84,2020-05-04,6.0,7.45,0.345,12.7,6.634,6.1,1.376,145.5,6.007,8.211,17035.61
85,2020-05-05,5.886,7.564,0.3534,12.935,6.655,6.19,1.451,144.6,6.088,8.687,17387.38
86,2020-05-06,6.0,7.35,0.3504,12.735,6.6,6.152,1.4202,146.5,6.067,8.423,17159.31
87,2020-05-07,5.99,7.228,0.3428,12.82,6.496,6.129,1.4044,145.65,6.188,8.556,17245.04
88,2020-05-08,6.1,7.398,0.346,12.975,6.58,6.266,1.414,146.45,6.2,8.631,17439.3
89,2020-05-11,5.91,7.594,0.3482,12.86,6.615,6.156,1.4094,147.65,6.08,8.631,17381.36
90,2020-05-12,5.9,7.756,0.3683,12.805,6.656,6.123,1.4208,146.15,6.145,8.714,17559.32
91,2020-05-13,5.7,7.446,0.3649,12.56,6.4,5.948,1.3936,144.0,6.03,8.525,17183.44
92,2020-05-14,5.47,7.31,0.3581,12.405,6.284,5.781,1.3836,142.2,5.884,8.514,16867.76
93,2020-05-15,5.35,7.186,0.3608,12.56,6.213,5.809,1.3838,144.9,5.761,8.52,16852.35
94,2020-05-18,5.588,7.462,0.3801,12.415,6.58,6.285,1.4522,150.15,5.964,8.657,17401.45
95,2020-05-19,5.392,7.404,0.3473,12.195,6.491,6.0,1.4308,146.1,6.037,8.384,17034.54
96,2020-05-20,5.44,7.416,0.32,12.26,6.53,5.905,1.439,145.25,6.252,8.429,17213.11
97,2020-05-21,5.246,7.37,0.32,11.895,6.45,5.919,1.422,144.6,6.33,8.222,17087.06
98,2020-05-22,5.182,7.442,0.3207,12.175,6.73,5.981,1.4446,146.8,6.41,8.174,17316.29
99,2020-05-25,5.49,7.7,0.3261,12.13,6.772,6.19,1.4576,149.4,6.51,8.26,17595.9
100,2020-05-26,5.858,7.738,0.3304,12.465,7.073,6.399,1.5012,149.4,6.516,8.274,17860.46
101,2020-05-27,5.712,7.854,0.3305,12.72,7.404,6.579,1.5384,147.65,6.586,8.45,17910.25
102,2020-05-28,5.83,7.88,0.3352,12.775,7.665,6.653,1.5586,151.8,6.792,8.492,18351.16
103,2020-05-29,5.6,7.894,0.332,12.485,7.666,6.405,1.5524,151.9,6.901,8.123,18197.56
104,2020-06-01,5.912,7.966,0.3414,12.89,7.906,6.63,1.58,152.15,6.998,8.34,18523.71
105,2020-06-02,6.17,8.058,0.3523,13.28,8.035,6.724,1.625,152.5,7.189,8.771,18971.09
106,2020-06-03,6.694,8.302,0.3488,13.945,8.45,7.071,1.6732,157.05,7.504,8.999,19641.81
107,2020-06-04,6.68,8.568,0.3505,14.005,8.515,7.019,1.6938,155.2,7.485,8.964,19634.03
108,2020-06-05,7.08,8.77,0.3612,14.385,8.919,7.51,1.7728,153.9,7.578,9.506,20187.51
109,2020-06-08,7.142,8.952,0.371,14.42,9.269,7.587,1.8034,151.6,7.577,9.664,20231.38
110,2020-06-09,6.846,8.676,0.3686,14.265,8.925,7.253,1.72,153.35,7.542,9.376,19930.2
111,2020-06-10,6.668,8.576,0.3716,13.97,8.63,7.058,1.7026,154.5,7.512,9.23,19758.01
112,2020-06-11,6.228,8.124,0.3411,13.43,7.951,6.514,1.6178,148.95,7.327,8.581,18806.86
113,2020-06-12,6.196,8.248,0.3534,13.425,7.942,6.608,1.622,148.65,7.345,8.587,18888.16
114,2020-06-15,6.214,8.318,0.3465,13.405,7.895,6.61,1.6266,148.2,7.362,8.58,18969.29
115,2020-06-16,6.544,8.486,0.3734,13.705,8.418,6.799,1.6992,152.2,7.566,8.935,19625.63
116,2020-06-17,6.582,8.448,0.374,13.605,8.398,6.773,1.7038,150.9,7.505,8.896,19585.89
117,2020-06-18,6.538,8.388,0.367,13.435,8.24,6.752,1.6858,150.7,7.473,8.835,19485.76
118,2020-06-19,6.43,8.22,0.38,13.615,8.255,6.817,1.6848,151.7,7.6,8.874,19618.93
119,2020-06-22,6.234,8.074,0.3798,13.43,8.241,6.91,1.6824,152.1,7.6,8.803,19478.73
120,2020-06-23,6.32,8.212,0.3789,13.63,8.427,7.31,1.7114,154.6,7.811,8.896,19841.58
121,2020-06-24,6.03,7.848,0.362,13.265,8.069,6.988,1.6668,149.55,7.624,8.472,19162.98
122,2020-06-25,5.958,7.904,0.367,13.3,8.053,7.09,1.6848,149.9,7.663,8.481,19234.75
123,2020-06-26,5.85,7.746,0.3532,13.28,7.909,6.964,1.66,151.4,7.639,8.397,19124.36
124,2020-06-29,5.986,7.982,0.3623,13.42,8.259,7.12,1.702,151.9,7.724,8.625,19447.02
125,2020-06-30,5.9,7.74,0.3497,13.47,8.188,7.213,1.7036,151.85,7.678,8.49,19375.52
126,2020-07-01,5.834,7.754,0.3504,13.465,8.112,7.086,1.6906,151.45,7.702,8.475,19330.88
127,2020-07-02,5.972,7.904,0.3547,13.835,8.568,7.258,1.7528,154.9,7.947,8.72,19886.88
128,2020-07-03,5.844,7.788,0.3485,13.745,8.422,7.178,1.7468,153.6,7.874,8.674,19726.65
129,2020-07-06,5.99,7.914,0.3605,13.885,8.738,7.262,1.7922,156.6,7.914,8.758,20031.86
130,2020-07-07,5.912,7.87,0.349,13.755,8.673,7.245,1.7866,155.55,7.975,8.82,20012.68
131,2020-07-08,5.862,7.808,0.3462,13.615,8.594,7.094,1.763,154.5,8.086,8.698,19899.53
132,2020-07-09,5.608,7.624,0.342,13.395,8.298,6.961,1.7312,154.7,7.936,8.434,19505.95
133,2020-07-10,5.618,7.69,0.3447,13.495,8.52,7.124,1.7654,157.0,8.03,8.492,19767.6
134,2020-07-13,6.012,7.836,0.365,13.64,8.702,7.303,1.7814,158.55,8.122,8.66,20003.25
135,2020-07-14,6.03,7.806,0.3715,13.71,8.665,7.241,1.781,155.3,8.014,8.783,19879.75
136,2020-07-15,6.416,7.84,0.3754,13.815,8.77,7.315,1.8144,157.25,8.169,8.836,20281.38
137,2020-07-16,6.36,7.862,0.3918,13.82,8.807,7.398,1.8394,154.9,8.253,8.895,20356.09
138,2020-07-17,6.4,7.788,0.3905,13.69,8.81,7.389,1.8318,154.1,8.427,8.813,20419.39
139,2020-07-20,6.45,8.186,0.3974,13.78,8.838,7.433,1.8544,157.0,8.322,8.781,20621.48
140,2020-07-21,6.302,8.246,0.3875,13.98,8.964,7.449,1.8848,159.0,8.33,8.929,20723.42
141,2020-07-22,6.222,8.32,0.3855,13.91,8.973,7.386,1.8762,158.25,8.194,8.707,20598.78
142,2020-07-23,6.182,8.188,0.3837,13.78,8.751,7.432,1.8492,159.3,8.134,8.601,20454.46
143,2020-07-24,6.144,8.148,0.3818,13.59,8.681,7.32,1.8154,154.5,7.944,8.52,20075.27
144,2020-07-27,5.93,7.944,0.3627,13.515,8.562,7.317,1.8014,155.05,7.921,8.463,20019.96
145,2020-07-28,5.892,7.9,0.3604,13.59,8.465,7.479,1.7862,153.15,7.9,8.477,19902.63
146,2020-07-29,5.836,7.88,0.3617,13.5,8.225,7.385,1.7894,153.75,7.975,8.41,19880.57
147,2020-07-30,5.704,7.61,0.3467,12.81,7.819,7.094,1.735,152.85,7.737,7.818,19228.47
148,2020-07-31,5.41,7.752,0.3408,12.66,7.721,6.952,1.7072,151.35,7.729,7.541,19091.93
149,2020-08-03,5.538,7.896,0.3489,12.735,7.752,7.287,1.7082,157.2,7.856,7.534,19379.79
150,2020-08-04,5.804,7.95,0.3708,12.935,8.006,7.573,1.7936,157.75,7.869,7.859,19613.95
151,2020-08-05,5.888,7.948,0.3856,13.035,8.079,7.579,1.8344,157.7,7.833,8.096,19740.2
152,2020-08-06,5.856,7.824,0.3787,12.775,7.766,7.499,1.8138,156.7,7.73,7.942,19475.15
153,2020-08-07,5.878,7.886,0.3747,12.705,7.731,7.488,1.8054,158.2,7.815,7.806,19516.43
154,2020-08-10,6.054,8.024,0.382,12.775,7.868,7.617,1.814,156.15,7.865,7.986,19651.57
155,2020-08-11,6.254,8.152,0.3886,13.245,8.251,8.019,1.8612,159.0,7.964,8.244,20209.11
156,2020-08-12,6.268,8.142,0.386,13.3,8.36,7.989,1.8828,163.25,8.11,8.373,20437.36
157,2020-08-13,6.14,8.044,0.3754,13.17,8.226,7.871,1.8656,165.0,8.008,8.245,20257.31
158,2020-08-14,5.988,8.01,0.3786,13.11,8.26,7.815,1.8516,164.1,7.885,8.179,20028.11
159,2020-08-17,5.84,7.884,0.3696,12.91,8.135,7.783,1.8244,166.85,7.808,8.1,19950.32
160,2020-08-18,5.884,7.858,0.367,12.935,8.16,7.748,1.8148,165.1,7.788,8.054,19845.61
161,2020-08-19,6.0,7.94,0.3745,13.14,8.328,7.765,1.845,163.8,7.865,8.128,20055.4
162,2020-08-20,5.898,7.824,0.369,13.03,8.177,7.62,1.8162,163.95,7.755,7.935,19766.96
163,2020-08-21,5.806,7.804,0.3638,12.94,8.124,7.522,1.8116,164.0,7.731,7.873,19695.43
164,2020-08-24,6.008,7.94,0.3748,13.215,8.297,7.764,1.8392,165.9,7.866,8.191,20113.36
165,2020-08-25,5.986,7.91,0.3696,13.29,8.248,7.675,1.834,166.2,7.804,8.078,20030.05
166,2020-08-26,5.93,7.936,0.3884,13.395,8.32,7.718,1.8426,167.6,7.798,8.1,20137.29
167,2020-08-27,5.896,7.844,0.4017,13.3,8.165,7.621,1.8038,165.35,7.617,7.986,19847.38
168,2020-08-28,5.834,7.85,0.4008,13.24,8.447,7.593,1.825,164.4,7.64,7.962,19841.01
169,2020-08-31,5.668,7.69,0.3988,13.005,8.25,7.445,1.8052,163.2,7.589,7.8,19633.69
170,2020-09-01,5.634,7.734,0.3906,13.025,8.151,7.357,1.8018,163.05,7.504,7.776,19595.02
171,2020-09-02,5.73,7.806,0.3938,13.02,8.07,7.399,1.7936,165.1,7.648,7.676,19858.21
172,2020-09-03,5.704,7.676,0.3977,12.96,8.02,7.483,1.7788,162.05,7.58,7.696,19551.48
173,2020-09-04,5.66,7.692,0.3936,12.82,8.122,7.606,1.7786,160.7,7.412,7.645,19391.25
174,2020-09-07,5.722,7.958,0.392,12.91,8.17,7.77,1.7938,162.85,7.593,7.773,19738.01
175,2020-09-08,5.598,7.794,0.3832,12.685,7.866,7.751,1.762,160.95,7.473,7.519,19380.18
176,2020-09-09,5.516,7.94,0.387,12.95,8.12,7.752,1.7902,160.9,7.651,7.628,19771.32
177,2020-09-10,5.57,7.98,0.3864,12.96,8.222,7.973,1.8012,160.2,7.604,7.626,19820.22
178,2020-09-11,5.468,7.966,0.379,12.84,8.056,7.995,1.7792,162.0,7.66,7.599,19820.75
179,2020-09-14,5.516,7.97,0.3722,12.825,8.087,8.051,1.779,161.4,7.561,7.476,19793.8
180,2020-09-15,5.578,7.924,0.375,12.775,7.95,8.776,1.7688,162.2,7.629,7.612,19956.95
181,2020-09-16,5.64,7.9,0.3724,12.805,7.92,8.72,1.7602,160.85,7.575,7.651,19963.99
182,2020-09-17,5.72,7.944,0.362,12.675,7.808,8.681,1.7434,160.5,7.38,7.594,19739.73
183,2020-09-18,5.5,7.762,0.3535,12.325,7.564,8.37,1.7148,159.1,7.42,7.388,19524.94
184,2020-09-21,5.13,7.492,0.3428,11.845,7.097,8.014,1.6356,154.45,7.259,6.95,18793.35
185,2020-09-22,4.975,7.598,0.3449,11.78,6.964,8.241,1.6418,156.05,7.321,7.056,18895.59
186,2020-09-23,4.836,7.66,0.346,11.73,6.745,8.379,1.6122,156.3,7.46,6.928,18929.89
187,2020-09-24,4.958,7.644,0.3464,11.635,6.899,8.365,1.608,157.05,7.37,6.812,18906.83
188,2020-09-25,4.985,7.586,0.338,11.55,6.74,8.25,1.579,155.05,7.335,6.689,18698.36
189,2020-09-28,5.156,7.73,0.3465,12.005,7.107,8.578,1.6246,157.35,7.448,6.86,19160.1
190,2020-09-29,5.0,7.576,0.3408,11.935,7.023,8.378,1.6068,156.15,7.5,6.665,19061.18
191,2020-09-30,5.0,7.568,0.342,12.025,7.045,8.442,1.603,156.65,7.418,6.688,19015.27
192,2020-10-01,4.878,7.512,0.3357,11.865,6.958,8.37,1.5864,156.9,7.468,6.462,19061.5
193,2020-10-02,4.825,7.556,0.3398,11.935,6.949,8.347,1.5924,155.4,7.468,6.497,19064.31
194,2020-10-05,4.901,7.9,0.3527,12.07,7.062,8.455,1.6332,153.8,7.394,6.69,19265.51
195,2020-10-06,5.164,8.088,0.3592,12.375,7.45,8.607,1.6684,152.4,7.364,6.918,19429.81
196,2020-10-07,5.134,8.018,0.3503,12.335,7.367,8.631,1.6488,156.75,7.596,6.73,19435.08
197,2020-10-08,5.234,8.014,0.3584,12.585,7.545,8.613,1.6754,154.55,7.547,6.885,19582.43
198,2020-10-09,5.1,8.016,0.3476,12.51,7.418,8.494,1.679,154.85,7.524,6.862,19595.38
199,2020-10-12,4.955,8.034,0.3465,12.48,7.346,8.576,1.6706,156.85,7.687,6.819,19718.77
200,2020-10-13,4.845,7.87,0.3472,12.35,7.077,8.433,1.6332,157.35,7.712,6.686,19558.69
201,2020-10-14,4.863,8.036,0.3472,12.345,7.053,8.525,1.6174,157.6,7.73,6.698,19607.73
202,2020-10-15,4.669,7.634,0.3387,11.915,6.822,8.342,1.5376,158.45,7.463,6.418,19065.44
203,2020-10-16,4.764,7.73,0.3428,12.14,6.866,8.695,1.5558,163.85,7.527,6.563,19389.68
204,2020-10-19,4.763,7.728,0.3459,12.205,6.896,8.666,1.5598,162.85,7.469,6.586,19374.21
205,2020-10-20,4.922,7.738,0.341,12.235,7.056,8.692,1.58,162.8,7.582,6.562,19482.13
206,2020-10-21,4.687,7.594,0.333,11.93,6.79,8.634,1.5358,159.8,7.515,6.34,19085.95
207,2020-10-22,4.66,7.606,0.3241,11.945,6.815,8.845,1.5368,161.0,7.45,6.341,19076.95
208,2020-10-23,4.766,7.592,0.3188,12.06,6.947,8.952,1.5612,160.5,7.569,6.444,19285.41
209,2020-10-26,4.621,7.47,0.3166,11.875,6.85,9.016,1.527,156.35,7.5,6.245,18945.14
210,2020-10-27,4.427,7.416,0.3087,11.635,6.58,8.866,1.4906,156.95,7.395,6.1,18654.95
211,2020-10-28,4.25,7.104,0.2949,11.36,6.318,8.523,1.418,151.85,6.95,5.885,17897.79
212,2020-10-29,4.109,7.008,0.2907,11.395,6.262,8.52,1.3992,152.85,6.937,5.918,17872.28
213,2020-10-30,4.088,7.0,0.2914,11.51,6.401,8.502,1.4196,153.15,6.834,6.011,17943.11
214,2020-11-02,4.242,7.168,0.3017,11.805,6.606,8.726,1.4824,157.2,6.986,6.362,18400.03
215,2020-11-03,4.475,7.236,0.3116,12.035,6.864,8.876,1.5406,168.3,7.217,6.514,18986.24
216,2020-11-04,4.6,7.464,0.315,12.2,7.01,9.008,1.5978,172.15,7.368,6.597,19358.28
217,2020-11-05,4.678,7.71,0.3157,12.38,7.022,9.213,1.6372,174.55,7.611,6.596,19731.38
218,2020-11-06,4.34,7.584,0.3131,12.35,6.806,9.062,1.6168,174.8,7.712,6.542,19681.68
219,2020-11-09,5.046,7.852,0.3362,13.16,7.74,9.615,1.7658,178.55,8.051,7.378,20750.18
220,2020-11-10,5.42,8.046,0.335,13.47,8.14,9.855,1.8442,173.1,8.047,7.678,20851.58
221,2020-11-11,5.356,7.988,0.331,13.48,8.098,9.937,1.8248,177.45,8.212,7.592,20993.02
222,2020-11-12,5.21,8.23,0.3361,13.46,7.988,9.728,1.802,176.35,8.08,7.618,20817.73
223,2020-11-13,5.264,8.504,0.3371,13.635,8.112,9.849,1.8178,174.5,8.02,7.66,20903.58
224,2020-11-16,5.674,8.614,0.3466,13.965,8.295,10.154,1.84,175.0,8.089,7.968,21317.01
225,2020-11-17,5.728,8.76,0.3519,14.13,8.43,10.183,1.8492,177.2,8.112,8.086,21435.11
226,2020-11-18,5.796,8.854,0.3619,14.23,8.505,10.225,1.8734,179.75,8.122,8.194,21622.66
227,2020-11-19,5.686,8.718,0.3609,14.07,8.401,10.436,1.8542,179.95,8.164,8.077,21536.24
228,2020-11-20,5.732,8.76,0.3544,14.205,8.47,10.387,1.8704,178.5,8.233,8.125,21706.96
229,2020-11-23,5.898,8.602,0.3606,14.22,8.757,10.362,1.8634,176.5,8.08,8.33,21701.79
230,2020-11-24,6.228,8.796,0.372,14.38,9.2,10.56,1.916,177.85,8.418,8.62,22145.06
231,2020-11-25,6.22,8.796,0.3801,14.495,9.299,10.633,1.9422,177.4,8.487,8.672,22303.58
232,2020-11-26,6.088,8.712,0.395,14.47,9.07,10.555,1.9292,176.8,8.47,8.558,22201.44
233,2020-11-27,5.986,8.8,0.4012,14.47,9.094,10.667,1.9446,178.55,8.502,8.582,22352.46
234,2020-11-30,6.064,8.544,0.3925,14.32,8.643,10.537,1.9254,176.8,8.37,8.303,22060.98
235,2020-12-01,6.086,8.612,0.3923,14.47,7.95,10.668,1.977,177.15,8.32,8.415,22099.92
236,2020-12-02,6.144,8.474,0.3857,14.425,7.983,10.629,1.971,177.4,8.282,8.499,21972.2
237,2020-12-03,6.33,8.474,0.3829,14.47,8.022,10.67,1.9862,177.8,8.209,8.452,22007.4
238,2020-12-04,6.54,8.504,0.3936,14.57,8.13,10.928,1.9906,174.2,8.206,8.744,22178.8
239,2020-12-07,6.484,8.408,0.3938,14.5,8.034,10.857,1.9712,174.05,8.181,8.767,22107.18
240,2020-12-08,6.332,8.394,0.3909,14.36,7.92,10.812,1.969,174.65,8.16,8.79,22053.42
241,2020-12-09,6.33,8.406,0.3978,14.325,8.029,11.11,1.976,179.55,8.12,8.843,21969.59
242,2020-12-10,6.154,8.418,0.3988,14.355,7.9,11.154,1.9608,176.2,8.21,8.936,21915.51
243,2020-12-11,5.936,8.35,0.3831,14.085,7.824,11.0,1.9358,176.75,8.049,8.808,21702.16
244,2020-12-14,5.852,8.35,0.3851,14.26,7.694,11.146,1.9392,178.9,8.122,8.678,21759.73
245,2020-12-15,6.03,8.344,0.3863,14.28,7.89,11.392,1.975,181.6,8.045,8.752,21935.05
246,2020-12-16,5.9,8.478,0.387,14.295,7.801,11.544,1.943,182.45,8.162,8.756,21986.52
247,2020-12-17,5.864,8.39,0.375,14.325,7.786,11.617,1.9444,183.5,8.173,8.711,22012.07
248,2020-12-18,5.84,8.358,0.3794,14.38,7.721,11.717,1.9352,184.15,8.16,8.621,21976.12
249,2020-12-21,5.654,8.166,0.3652,13.89,7.419,11.492,1.8676,181.55,7.856,8.244,21410.51
250,2020-12-22,5.752,8.334,0.3744,14.1,7.524,11.773,1.8812,186.25,8.071,8.36,21844.33
251,2020-12-23,5.88,8.368,0.3818,14.28,7.692,11.849,1.913,186.65,8.271,8.584,22130.18
252,2020-12-28,5.922,8.39,0.3823,14.365,7.699,11.925,1.9224,187.05,8.345,8.596,22288.52
253,2020-12-29,5.98,8.35,0.3808,14.315,7.696,11.846,1.9198,189.05,8.276,8.562,22259.35
254,2020-12-30,5.91,8.32,0.3774,14.26,7.648,11.823,1.9126,188.65,8.276,8.548,22232.9
255,2021-01-04,5.83,8.342,0.3811,14.07,7.583,12.0,1.9052,187.6,8.457,8.448,22315.87
256,2021-01-05,5.974,8.288,0.3827,13.915,7.5,11.968,1.8844,183.8,8.395,8.761,22200.6
257,2021-01-06,6.062,8.54,0.3987,14.5,7.957,11.717,1.9482,181.25,8.929,9.048,22734.32
258,2021-01-07,6.01,8.718,0.3977,14.47,8.032,11.926,1.968,179.7,8.777,9.068,22746.08
259,2021-01-08,5.916,8.594,0.3945,14.5,8.178,11.705,1.955,180.25,8.938,9.03,22793.94
260,2021-01-11,5.876,8.534,0.3878,14.42,8.036,11.597,1.9428,179.75,8.948,8.978,22722.01
261,2021-01-12,5.984,8.39,0.376,14.48,8.027,11.834,1.9382,179.5,8.803,9.054,22646.07
262,2021-01-13,5.87,8.434,0.376,14.545,7.956,11.784,1.9292,180.7,8.925,9.06,22743.65
263,2021-01-14,5.914,8.352,0.3789,14.4,7.844,12.126,1.915,180.65,8.833,9.005,22637.72
264,2021-01-15,5.86,8.352,0.373,14.365,7.701,11.598,1.902,176.05,8.859,8.831,22381.35
265,2021-01-18,5.848,8.38,0.3661,14.46,7.771,12.476,1.9172,176.3,8.585,8.856,22498.89
266,2021-01-19,5.856,8.31,0.359,14.505,7.783,12.801,1.9104,172.9,8.574,8.827,22441.72
267,2021-01-20,6.112,8.396,0.3669,14.81,8.109,12.869,1.9264,175.6,8.578,8.901,22650.78
268,2021-01-21,5.866,8.318,0.3626,14.655,8.005,12.591,1.9172,177.05,8.459,8.668,22428.93
269,2021-01-22,5.65,8.268,0.3577,14.51,7.749,12.216,1.8842,174.85,8.345,8.542,22088.36
270,2021-01-25,5.486,8.208,0.356,14.405,7.42,11.648,1.8232,173.75,8.335,8.353,21735.95
271,2021-01-26,5.646,8.362,0.3658,14.545,7.75,11.877,1.8396,172.8,8.4,8.528,21987.0
272,2021-01-27,5.68,8.16,0.3645,14.38,7.69,11.467,1.8076,171.55,8.241,8.547,21662.73
273,2021-01-28,5.708,8.234,0.362,14.42,7.727,11.734,1.8336,171.1,8.401,8.548,21916.5
274,2021-01-29,5.736,8.076,0.3534,14.09,7.557,11.561,1.8052,172.25,8.191,8.352,21572.53
275,2021-02-01,5.72,8.294,0.3535,14.255,7.668,11.631,1.822,176.4,8.221,8.2,21825.51
276,2021-02-02,5.818,8.28,0.3557,14.475,7.744,11.985,1.871,171.15,8.2,8.311,22066.87
277,2021-02-03,5.904,8.87,0.3656,14.95,8.068,12.008,1.9512,164.9,8.552,8.489,22527.9
278,2021-02-04,6.002,9.012,0.3696,15.42,8.279,12.096,2.0085,169.35,8.556,8.57,22900.55
279,2021-02-05,6.032,9.22,0.3814,15.535,8.459,12.331,2.061,168.1,8.447,8.611,23083.42
280,2021-02-08,6.16,9.456,0.386,15.72,8.683,12.548,2.09,172.0,8.5,8.681,23425.92
281,2021-02-09,6.158,9.57,0.3842,15.82,8.637,12.45,2.087,172.3,8.284,8.775,23300.49
282,2021-02-10,6.134,9.514,0.3845,15.76,8.708,12.209,2.08,171.4,8.318,8.844,23264.68
283,2021-02-11,6.044,9.65,0.3799,15.7,8.433,12.142,2.0865,168.8,8.462,8.777,23307.24
284,2021-02-12,6.054,9.678,0.3801,15.665,8.396,12.24,2.096,168.75,8.468,8.879,23410.6
285,2021-02-15,6.208,9.77,0.3894,15.825,8.488,12.367,2.1175,168.3,8.465,9.123,23604.31
286,2021-02-16,6.224,9.652,0.3841,15.75,8.467,12.456,2.1125,167.15,8.303,9.079,23440.81
287,2021-02-17,6.152,9.482,0.3807,15.655,8.3,12.188,2.096,166.0,8.303,9.163,23178.56
288,2021-02-18,5.988,9.304,0.375,15.43,8.137,12.257,2.08,163.85,8.2,9.097,22921.83
289,2021-02-19,6.59,9.398,0.3776,15.58,8.346,12.345,2.1085,163.75,8.196,9.198,23136.31
290,2021-02-22,6.586,9.644,0.3805,15.54,8.331,12.183,2.1,162.25,8.077,9.356,23009.18
291,2021-02-23,6.662,9.528,0.38,15.505,8.51,12.246,2.112,161.2,7.977,9.424,22939.38
292,2021-02-24,6.93,9.55,0.4148,15.565,8.743,12.53,2.1275,161.05,7.92,9.577,23098.15
293,2021-02-25,6.796,9.608,0.403,15.835,8.734,12.51,2.152,159.65,7.84,9.68,23063.55
294,2021-02-26,6.63,9.404,0.3929,15.55,8.54,12.395,2.134,161.5,7.844,9.482,22848.58
295,2021-03-01,6.89,9.828,0.3916,15.83,8.846,12.847,2.16,164.15,7.947,9.561,23264.86
296,2021-03-02,6.812,9.876,0.3845,15.875,8.815,12.82,2.1545,162.05,7.802,9.492,23083.55
297,2021-03-03,6.85,9.95,0.388,16.03,9.037,12.796,2.203,160.75,7.626,9.66,23046.77
298,2021-03-04,6.888,9.974,0.398,16.075,8.902,12.772,2.192,157.4,7.843,9.876,23093.1
299,2021-03-05,6.748,9.85,0.4,16.005,8.925,12.624,2.1945,154.7,7.873,10.062,22965.63
300,2021-03-08,6.9,10.04,0.4072,16.5,9.348,13.364,2.268,161.2,8.084,10.18,23681.57
301,2021-03-09,7.09,10.14,0.3996,16.53,9.178,13.607,2.2695,162.9,8.103,10.14,23816.5
302,2021-03-10,7.484,10.23,0.4189,16.62,9.156,13.886,2.274,162.2,8.215,10.22,23925.96
303,2021-03-11,7.44,10.185,0.4384,16.765,9.041,14.049,2.2665,164.25,8.326,10.3,24121.37
304,2021-03-12,7.43,10.275,0.4527,16.905,9.16,14.242,2.2805,162.3,8.255,10.418,24113.22
305,2021-03-15,7.74,10.215,0.4502,16.835,9.119,14.546,2.265,163.6,8.181,10.334,24139.45
306,2021-03-16,7.806,10.435,0.4567,16.89,9.306,14.46,2.294,165.1,8.238,10.24,24261.12
307,2021-03-17,7.814,10.38,0.4597,16.75,9.472,14.633,2.315,163.7,8.162,10.3,24281.05
308,2021-03-18,7.71,10.455,0.4642,16.86,9.509,15.069,2.349,163.25,8.064,10.338,24360.49
309,2021-03-19,7.572,10.34,0.43,16.73,9.184,14.539,2.314,164.1,8.306,10.174,24199.42
310,2021-03-22,7.43,10.505,0.4238,16.805,9.076,14.376,2.2985,172.1,8.324,10.146,24262.84
311,2021-03-23,7.32,10.415,0.4285,16.8,9.01,13.896,2.289,172.5,8.4,9.98,24113.86
312,2021-03-24,6.874,10.47,0.4324,16.89,9.087,13.908,2.2955,169.55,8.426,10.246,24208.66
313,2021-03-25,6.804,10.46,0.4367,16.825,9.074,14.104,2.2945,169.75,8.442,10.112,24218.55
314,2021-03-26,6.8,10.55,0.4519,16.925,9.083,14.331,2.2975,173.4,8.427,10.232,24393.26
315,2021-03-29,6.81,10.78,0.4593,17.06,8.961,14.355,2.286,172.9,8.507,10.348,24421.4
316,2021-03-30,7.02,10.855,0.4605,17.14,9.141,14.783,2.3235,175.2,8.433,10.412,24636.39
317,2021-03-31,6.904,10.84,0.4612,17.06,9.013,14.768,2.3105,178.35,8.493,10.494,24648.56
318,2021-04-01,7.018,10.91,0.4594,17.03,9.015,14.819,2.318,178.05,8.435,10.57,24710.0
319,2021-04-06,7.134,10.94,0.454,17.135,9.009,14.971,2.303,176.3,8.554,10.474,24761.12
320,2021-04-07,7.212,10.925,0.4578,17.17,8.962,14.969,2.3005,175.4,8.586,10.456,24740.73
321,2021-04-08,7.13,10.77,0.4453,17.105,8.661,14.615,2.263,175.2,8.651,10.26,24576.51
322,2021-04-09,7.07,10.795,0.4339,16.965,8.557,14.49,2.2535,174.0,8.594,10.2,24429.41
323,2021-04-12,7.048,10.785,0.4379,17.07,8.638,14.625,2.2605,176.1,8.58,10.162,24457.18
324,2021-04-13,7.01,10.78,0.4358,17.085,8.621,14.828,2.274,176.35,8.621,10.226,24600.35
325,2021-04-14,7.05,10.665,0.4423,17.085,8.526,14.734,2.281,174.15,8.509,10.488,24574.74
326,2021-04-15,6.978,10.655,0.4396,17.025,8.429,14.727,2.275,175.8,8.581,10.364,24528.69
327,2021-04-16,7.04,10.775,0.4455,17.12,8.519,14.942,2.2955,176.9,8.659,10.35,24744.38
328,2021-04-19,7.208,10.76,0.4422,17.225,8.625,14.792,2.31,175.15,8.662,10.324,24691.46
329,2021-04-20,6.872,10.615,0.4307,16.75,8.18,14.194,2.245,172.85,8.555,10.074,24088.65
330,2021-04-21,6.904,10.615,0.4369,16.845,8.116,14.344,2.22,177.05,8.487,10.15,24161.38
331,2021-04-22,6.946,10.61,0.438,16.835,8.058,14.38,2.226,177.9,8.718,10.168,24398.41
332,2021-04-23,6.934,10.85,0.439,16.825,8.085,14.39,2.221,178.0,8.735,10.102,24386.09
333,2021-04-26,6.786,10.81,0.4385,16.875,8.263,14.36,2.2725,179.35,8.64,10.148,24513.84
334,2021-04-27,6.654,10.825,0.4424,16.825,8.41,14.308,2.285,180.7,8.552,10.11,24473.06
335,2021-04-28,6.7,10.92,0.4449,16.925,8.525,14.392,2.2965,179.8,8.448,10.204,24459.57
336,2021-04-29,6.644,10.915,0.4391,16.78,8.598,13.844,2.3175,178.6,8.338,10.202,24278.2
337,2021-04-30,6.794,10.9,0.4563,16.685,8.562,13.824,2.321,178.15,8.267,9.93,24141.16
338,2021-05-03,6.876,11.05,0.4567,17.0,8.72,14.022,2.334,182.7,8.356,10.1,24419.97
339,2021-05-04,6.858,10.77,0.4483,16.84,8.625,13.888,2.308,168.05,8.206,10.1,23977.53
340,2021-05-05,6.906,10.97,0.4456,17.05,8.846,14.86,2.341,170.65,8.289,10.308,24463.89
341,2021-05-06,6.98,10.93,0.421,17.22,9.288,14.914,2.359,165.85,8.267,10.326,24495.07
342,2021-05-07,6.908,11.0,0.4183,17.37,9.35,14.942,2.362,165.5,8.268,10.32,24612.04
343,2021-05-10,6.97,11.225,0.4273,17.56,9.854,15.1,2.3895,165.25,8.274,10.408,24802.9
344,2021-05-11,6.81,11.175,0.4277,17.41,9.91,14.662,2.3805,162.5,8.064,10.246,24396.01
345,2021-05-12,6.862,11.035,0.4339,17.48,10.2,14.722,2.3825,163.7,7.992,10.458,24452.93
346,2021-05-13,6.808,11.04,0.4299,17.54,10.008,14.65,2.3725,162.75,8.092,10.304,24486.01
347,2021-05-14,6.962,11.12,0.4361,17.64,10.208,14.856,2.3875,163.25,8.204,10.43,24766.09
348,2021-05-17,6.898,11.29,0.4435,17.645,10.24,15.098,2.41,165.25,8.157,10.464,24862.68
349,2021-05-18,6.91,11.275,0.4386,17.68,10.332,15.092,2.4025,167.7,8.128,10.434,24880.45
350,2021-05-19,6.822,11.23,0.4346,17.435,10.202,14.73,2.3515,166.0,7.966,10.196,24486.69
351,2021-05-20,6.826,11.325,0.4337,17.445,10.246,15.006,2.355,169.75,8.074,10.18,24702.11
352,2021-05-21,6.936,11.5,0.4415,17.66,10.234,15.316,2.374,173.15,8.188,10.284,24975.0
353,2021-05-24,7.024,11.7,0.4418,16.9,10.258,15.388,2.363,174.05,8.159,10.11,24891.24
354,2021-05-25,6.932,11.545,0.4352,16.74,10.354,15.474,2.361,174.2,8.167,9.985,24892.9
355,2021-05-26,6.894,11.42,0.4386,16.56,10.144,15.446,2.346,174.15,8.159,10.03,24778.04
356,2021-05-27,7.072,11.49,0.4418,16.705,10.354,16.078,2.394,173.2,8.147,10.1,25056.19
357,2021-05-28,7.17,11.505,0.4397,16.845,10.494,16.106,2.409,173.1,8.143,10.094,25169.39
358,2021-05-31,7.11,11.565,0.4386,16.815,10.5,16.258,2.4165,172.95,8.056,10.056,25170.55
359,2021-06-01,7.178,11.8,0.44,16.93,10.576,16.346,2.4455,173.4,8.064,10.294,25321.82
360,2021-06-02,7.25,11.8,0.443,16.95,10.54,16.51,2.4725,174.35,7.981,10.37,25379.69
361,2021-06-03,7.198,11.91,0.4446,17.085,10.576,16.698,2.476,177.9,7.892,10.44,25452.33
362,2021-06-04,7.154,11.8,0.4465,17.085,10.494,17.166,2.4805,178.95,7.931,10.38,25570.46
363,2021-06-07,7.268,12.06,0.4539,17.25,10.858,17.454,2.4855,180.3,8.003,10.454,25824.71
364,2021-06-08,7.27,12.08,0.4577,17.225,10.742,17.476,2.46,179.55,8.012,10.496,25809.16
365,2021-06-09,7.22,12.08,0.454,17.18,10.766,17.232,2.4535,174.8,8.013,10.444,25741.75
366,2021-06-10,7.206,11.985,0.4529,17.125,10.8,17.0,2.439,173.9,7.961,10.514,25638.19
367,2021-06-11,7.208,11.985,0.4515,17.14,10.78,17.15,2.425,174.0,8.022,10.582,25717.42
368,2021-06-14,7.214,12.015,0.45,17.15,10.74,16.968,2.45,168.25,8.102,10.728,25757.83
369,2021-06-15,7.116,11.98,0.446,17.18,10.66,16.898,2.451,167.85,8.08,10.734,25736.75
370,2021-06-16,7.18,12.07,0.4449,17.165,10.444,16.9,2.415,166.4,8.213,10.742,25767.54
371,2021-06-17,7.156,11.995,0.4449,17.24,10.472,16.958,2.4165,169.6,8.079,10.63,25713.6
372,2021-06-18,6.98,11.695,0.4364,16.89,10.022,16.464,2.344,169.1,8.054,10.314,25218.16
373,2021-06-21,7.058,11.515,0.4359,16.935,10.208,17.02,2.3665,170.55,8.12,10.418,25397.72
374,2021-06-22,6.992,11.36,0.43,16.885,10.104,16.986,2.342,168.7,8.108,10.414,25315.57
375,2021-06-23,6.902,11.225,0.4255,16.655,10.088,16.952,2.316,167.3,7.971,10.422,25077.14
376,2021-06-24,6.946,11.425,0.4212,16.93,10.366,16.992,2.364,169.75,8.034,10.54,25422.22
377,2021-06-25,6.972,11.39,0.4216,17.015,10.422,17.062,2.3855,170.45,8.009,10.556,25510.5
378,2021-06-28,6.812,11.205,0.415,16.75,10.1,16.842,2.3295,171.6,7.974,10.342,25227.1
379,2021-06-29,6.858,11.155,0.4187,16.81,10.1,16.822,2.3565,173.5,8.038,10.338,25357.36
380,2021-06-30,6.812,11.15,0.4189,16.905,9.95,16.554,2.3295,174.0,7.832,10.27,25102.04
381,2021-07-01,6.97,11.28,0.4213,17.065,10.2,16.702,2.3555,171.7,7.849,10.46,25286.06
382,2021-07-02,6.94,11.18,0.4245,17.0,10.01,16.698,2.336,173.95,7.851,10.398,25282.41
383,2021-07-05,6.938,11.34,0.4234,17.145,10.184,16.932,2.369,173.1,7.906,10.456,25441.34
384,2021-07-06,6.774,11.17,0.4099,16.84,9.901,16.73,2.3205,174.4,7.941,10.27,25227.92
385,2021-07-07,6.7,11.215,0.4022,16.935,9.746,16.592,2.3035,174.85,8.064,10.17,25284.99
386,2021-07-08,6.596,10.825,0.3861,16.57,9.437,16.036,2.236,173.7,7.883,9.963,24641.47
387,2021-07-09,6.776,10.995,0.3914,16.885,9.745,16.486,2.284,176.0,7.924,10.08,25051.82
388,2021-07-12,6.762,11.035,0.3932,17.005,9.716,16.486,2.3055,177.3,8.062,10.094,25283.2
389,2021-07-13,6.58,11.03,0.3903,17.01,9.551,16.248,2.27,177.25,8.058,10.004,25156.65
390,2021-07-14,6.466,10.99,0.3935,16.925,9.627,16.24,2.2845,177.9,8.024,10.024,25194.33
391,2021-07-15,6.362,10.84,0.3872,16.8,9.529,16.008,2.256,173.7,7.932,9.91,24875.5
392,2021-07-16,6.328,10.875,0.3881,16.735,9.4,15.686,2.232,175.85,8.01,9.832,24792.78
393,2021-07-19,6.078,10.505,0.3713,16.225,9.063,15.122,2.1375,173.5,7.604,9.454,23965.92
394,2021-07-20,6.168,10.61,0.3691,16.39,9.186,15.16,2.179,172.45,7.613,9.503,24107.33
395,2021-07-21,6.4,10.945,0.3743,16.745,9.467,15.68,2.2365,174.65,7.81,9.75,24675.61
396,2021-07-22,6.316,11.11,0.3746,16.79,9.486,15.59,2.2505,174.9,7.957,9.644,24805.21
397,2021-07-23,6.4,11.21,0.3717,16.735,9.655,15.752,2.285,179.2,8.05,9.669,25124.91
398,2021-07-26,6.484,11.3,0.3728,16.845,9.818,15.886,2.3375,179.5,8.081,9.866,25296.4
399,2021-07-27,6.46,11.19,0.3695,16.755,9.62,15.688,2.3135,178.05,7.962,9.808,25086.55
400,2021-07-28,6.544,11.165,0.3706,16.79,9.633,15.822,2.32,179.4,8.055,9.917,25261.67
401,2021-07-29,6.562,11.19,0.3708,16.815,9.833,16.354,2.347,180.95,8.015,10.014,25516.46
402,2021-07-30,6.636,11.17,0.3709,16.85,10.108,16.19,2.3315,183.85,7.78,10.024,25363.02
403,2021-08-02,6.788,11.28,0.3771,16.85,9.91,16.37,2.3145,180.4,7.739,9.972,25351.6
404,2021-08-03,6.636,11.125,0.373,16.675,9.88,17.062,2.3265,175.65,7.694,10.136,25356.15
405,2021-08-04,6.674,11.21,0.3745,16.575,9.908,17.448,2.34,178.3,7.703,10.12,25490.22
406,2021-08-05,6.756,11.355,0.3758,16.625,10.16,17.444,2.345,184.25,7.752,10.2,25665.55
407,2021-08-06,6.816,11.525,0.3812,16.88,10.408,17.874,2.3985,187.55,7.759,10.302,26000.28
408,2021-08-09,6.806,11.58,0.3827,16.965,10.46,17.996,2.4045,188.7,7.798,10.284,26139.43
409,2021-08-10,6.796,11.625,0.3826,17.03,10.492,17.95,2.408,188.7,7.788,10.35,26201.21
410,2021-08-11,6.96,11.72,0.3948,17.195,10.744,18.018,2.449,190.5,7.833,10.416,26457.06
411,2021-08-12,6.906,11.745,0.3914,17.315,10.65,18.498,2.439,190.7,7.844,10.478,26557.84
412,2021-08-13,7.012,11.685,0.3912,17.375,10.648,18.61,2.448,192.1,7.889,10.518,26652.56
413,2021-08-16,6.898,11.61,0.3877,17.275,10.51,18.342,2.4215,190.9,7.847,10.372,26448.76
414,2021-08-17,6.798,11.545,0.3842,17.18,10.324,17.844,2.3885,189.3,7.777,10.376,26224.79
415,2021-08-18,6.91,11.64,0.3852,17.28,10.41,17.98,2.4075,187.45,7.855,10.366,26357.21
416,2021-08-19,6.758,11.495,0.3823,17.07,10.128,17.34,2.3565,182.2,7.922,10.076,25928.78
417,2021-08-20,6.692,11.41,0.3801,17.065,10.168,17.14,2.369,181.5,8.001,10.062,25918.27
418,2021-08-23,6.772,11.525,0.3842,17.155,10.366,17.206,2.386,183.65,7.832,10.234,26046.03
419,2021-08-24,6.962,11.625,0.3845,17.125,10.452,17.25,2.38,183.3,7.788,10.318,26027.91
420,2021-08-25,6.926,11.66,0.3827,17.13,10.78,17.29,2.39,184.25,7.761,10.33,26060.27
421,2021-08-26,6.87,11.61,0.3831,17.08,10.67,17.13,2.364,182.9,7.678,10.306,25861.52
422,2021-08-27,6.906,11.63,0.3829,17.15,10.676,17.164,2.378,183.1,7.679,10.428,26006.63
423,2021-08-30,6.88,11.59,0.3828,17.115,10.5,17.018,2.369,184.15,7.748,10.432,26024.27
424,2021-08-31,6.898,11.485,0.3833,17.27,10.568,16.932,2.3975,183.7,7.717,10.454,26009.29
425,2021-09-01,7.054,11.535,0.3813,17.35,10.738,16.84,2.4215,184.75,7.804,10.496,26181.66
426,2021-09-02,7.028,11.595,0.3759,17.37,10.786,17.124,2.4095,185.3,7.788,10.632,26233.38
427,2021-09-03,6.958,11.425,0.3698,17.32,10.856,17.13,2.3875,184.3,7.722,10.53,26064.78
428,2021-09-06,7.118,11.635,0.373,17.535,10.988,17.242,2.403,186.45,7.715,10.586,26263.43
429,2021-09-07,7.008,11.46,0.3705,17.535,10.91,17.086,2.3835,186.05,7.59,10.582,26073.73
430,2021-09-08,6.92,11.46,0.3717,17.66,10.832,16.598,2.359,186.35,7.518,10.59,25876.89
431,2021-09-09,6.9,11.46,0.3693,17.745,10.886,16.688,2.3715,187.25,7.53,10.586,25909.83
432,2021-09-10,6.778,11.46,0.3579,17.43,10.754,16.704,2.3465,186.0,7.375,10.544,25686.47
433,2021-09-13,6.872,11.54,0.364,17.65,10.894,16.828,2.394,184.4,7.499,10.806,25925.73
434,2021-09-14,6.832,11.56,0.3576,17.6,10.76,16.952,2.3865,187.8,7.435,10.904,26027.07
435,2021-09-15,6.75,11.665,0.3568,17.715,10.598,17.34,2.377,187.2,7.025,10.99,25762.1
436,2021-09-16,6.772,11.85,0.3557,17.87,10.752,17.41,2.4075,187.6,7.001,11.024,25963.93
437,2021-09-17,6.7,11.74,0.3607,17.685,10.694,16.81,2.374,184.4,6.959,10.942,25709.56
438,2021-09-20,6.646,11.46,0.3559,17.45,10.19,16.058,2.302,181.65,6.84,10.414,25048.26
439,2021-09-21,6.766,11.785,0.3507,17.715,10.276,16.032,2.322,183.6,6.899,10.606,25353.36
440,2021-09-22,6.86,11.89,0.3532,17.98,10.638,16.552,2.373,183.7,6.94,10.886,25717.46
441,2021-09-23,6.91,11.975,0.3542,18.125,10.992,16.768,2.4275,184.3,7.079,10.902,26081.13
442,2021-09-24,6.86,11.93,0.3514,18.33,10.984,16.788,2.4245,184.75,7.018,10.932,25968.84
443,2021-09-27,7.148,12.04,0.3621,18.625,11.544,16.936,2.472,184.45,6.947,11.186,26132.24
444,2021-09-28,6.96,11.75,0.3557,18.25,11.086,16.432,2.4295,180.85,6.837,11.264,25573.25
445,2021-09-29,7.158,11.83,0.3458,18.42,11.5,16.66,2.459,180.4,6.793,11.388,25736.85
446,2021-09-30,7.114,11.93,0.3394,18.39,11.5,16.522,2.4535,180.95,6.651,11.546,25683.81
447,2021-10-01,7.15,11.905,0.3377,18.41,11.476,16.268,2.449,179.75,6.729,11.482,25615.31
448,2021-10-04,7.262,11.855,0.3411,18.375,11.344,16.138,2.4215,177.6,6.738,11.642,25460.8
449,2021-10-05,7.31,12.095,0.3428,18.745,11.836,16.556,2.503,180.65,6.793,11.848,25956.02
450,2021-10-06,7.158,12.025,0.3376,18.585,11.806,15.966,2.475,179.15,6.728,11.666,25605.73
451,2021-10-07,7.128,12.175,0.3407,18.76,11.862,16.572,2.51,183.05,6.903,11.588,25992.29
452,2021-10-08,7.086,12.18,0.3433,18.795,11.994,16.674,2.5175,184.5,6.919,11.858,26051.01
453,2021-10-11,7.168,12.16,0.3366,18.895,11.904,16.826,2.5035,187.0,6.748,12.006,25930.46
454,2021-10-12,7.228,12.32,0.34,18.99,11.926,16.856,2.5125,187.45,6.765,11.974,25990.02
455,2021-10-13,7.174,12.365,0.3395,18.71,11.656,16.83,2.495,185.1,6.83,11.822,25958.69
456,2021-10-14,6.668,12.5,0.3405,18.725,11.714,17.028,2.5235,189.3,6.94,11.98,26277.57
457,2021-10-15,6.726,12.425,0.3369,18.79,11.804,17.206,2.575,192.15,6.919,12.208,26489.18
458,2021-10-18,6.668,12.385,0.3338,18.405,11.69,16.892,2.4915,191.25,6.906,12.236,26268.62
459,2021-10-19,6.606,12.25,0.3298,18.485,11.62,16.778,2.451,193.4,7.081,12.172,26332.99
460,2021-10-20,6.624,12.555,0.3367,18.64,11.654,16.82,2.467,192.05,7.21,12.318,26581.77
461,2021-10-21,6.556,12.51,0.3319,18.575,11.58,16.854,2.445,193.0,7.173,12.134,26525.15
462,2021-10-22,6.544,12.485,0.3305,18.615,11.532,16.85,2.4515,191.65,7.127,12.078,26571.73
463,2021-10-25,6.534,12.51,0.3362,18.69,11.334,17.514,2.463,199.5,7.061,12.278,26815.79
464,2021-10-26,6.564,12.675,0.3398,18.82,11.5,17.572,2.4815,200.3,7.145,12.358,26970.95
465,2021-10-27,6.502,12.565,0.3366,18.755,11.426,17.56,2.453,199.0,7.216,12.268,26806.19
466,2021-10-28,6.438,12.545,0.3175,18.84,11.492,17.286,2.438,203.5,7.27,12.164,26890.35
467,2021-10-29,6.338,12.34,0.3081,18.85,11.424,17.25,2.4575,205.0,7.236,12.404,26875.96
468,2021-11-01,6.434,12.445,0.3102,18.96,11.368,17.45,2.495,210.6,7.285,12.746,27206.0
469,2021-11-02,6.45,12.4,0.3064,18.98,11.278,17.468,2.512,213.1,7.231,12.54,27189.63
470,2021-11-03,6.616,12.55,0.3117,19.075,11.468,17.548,2.502,221.6,7.256,12.38,27377.87
471,2021-11-04,6.616,12.46,0.3257,18.995,11.444,17.64,2.4565,223.7,7.252,12.56,27522.05
472,2021-11-05,6.522,12.5,0.3412,19.105,11.518,17.718,2.4835,228.8,7.294,12.672,27795.93
473,2021-11-08,6.558,12.495,0.3336,18.975,11.482,17.536,2.4925,226.5,7.195,12.682,27711.09
474,2021-11-09,6.548,12.44,0.329,18.985,11.386,17.44,2.4705,221.7,7.094,12.62,27441.27
475,2021-11-10,6.628,12.51,0.3345,19.02,11.534,17.882,2.477,222.1,7.16,12.664,27561.0
476,2021-11-11,6.594,12.315,0.3311,19.15,11.616,17.886,2.472,223.4,7.099,12.646,27633.2
477,2021-11-12,6.55,12.245,0.3238,19.135,11.526,17.876,2.4715,228.0,7.099,12.512,27732.39
478,2021-11-15,6.548,12.26,0.3337,19.24,11.65,17.95,2.49,227.2,7.15,12.546,27868.13
479,2021-11-16,6.504,12.16,0.338,18.765,11.506,18.09,2.4825,228.7,7.087,12.598,27804.93
480,2021-11-17,6.448,12.095,0.3386,18.765,11.566,17.956,2.482,236.1,7.068,12.592,27824.94
481,2021-11-18,6.418,12.145,0.3343,18.6,11.442,17.964,2.467,234.5,7.042,12.43,27661.82
482,2021-11-19,6.194,12.065,0.3465,18.285,10.968,17.514,2.384,239.7,6.95,12.168,27337.46
483,2021-11-22,6.21,11.855,0.4513,18.4,11.052,17.458,2.327,246.3,6.952,12.328,27382.87
484,2021-11-23,6.22,11.76,0.43,18.37,11.12,17.01,2.302,237.0,6.907,12.38,26939.4
485,2021-11-24,6.304,11.725,0.4972,18.4,11.45,16.808,2.3025,237.3,7.045,12.37,27109.3
486,2021-11-25,6.352,11.55,0.484,18.32,11.272,16.708,2.288,238.8,7.149,12.296,27098.83
487,2021-11-26,6.064,11.075,0.4805,17.66,10.494,15.566,2.1565,231.4,6.816,11.53,25852.99
488,2021-11-29,6.044,11.195,0.4711,17.8,10.57,15.568,2.143,235.8,6.789,11.8,26041.55
489,2021-11-30,5.982,11.14,0.46,17.73,10.69,15.14,2.1155,231.7,6.707,11.642,25814.34
490,2021-12-01,6.108,11.35,0.4657,18.13,11.118,16.0,2.1685,232.5,6.755,11.904,26371.92
491,2021-12-02,6.028,11.23,0.475,18.04,11.01,15.928,2.1475,230.5,6.59,11.94,26005.4
492,2021-12-03,5.982,11.145,0.4644,18.19,11.13,15.744,2.1465,229.3,6.526,12.01,25938.52
493,2021-12-06,6.06,11.185,0.458,18.61,11.43,16.292,2.213,230.5,6.723,12.292,26498.07
494,2021-12-07,6.114,11.34,0.4514,18.7,11.706,16.872,2.258,237.5,6.811,12.568,27137.98
495,2021-12-08,6.09,11.18,0.4573,18.495,11.55,16.682,2.231,234.8,6.701,12.39,26751.93
496,2021-12-09,6.036,11.1,0.4415,18.585,12.8,16.448,2.225,232.8,6.702,12.266,26817.38
497,2021-12-10,5.998,11.05,0.441,18.5,12.876,16.49,2.2155,229.2,6.69,12.206,26721.98
498,2021-12-13,5.888,11.055,0.4401,18.485,12.792,16.366,2.205,229.3,6.604,12.02,26551.02
499,2021-12-14,5.994,11.08,0.4422,18.45,13.378,16.27,2.2245,225.0,6.626,12.148,26556.67
500,2021-12-15,5.966,11.13,0.4432,18.5,13.138,16.316,2.2015,229.1,6.697,12.0,26666.08
501,2021-12-16,6.034,11.21,0.4391,18.64,13.068,16.854,2.2425,228.9,6.648,12.198,26782.44
502,2021-12-17,6.092,11.225,0.4398,18.495,13.122,16.414,2.2055,227.3,6.746,12.052,26611.41
503,2021-12-20,5.946,10.97,0.4324,18.37,12.996,15.82,2.182,220.0,6.653,11.834,26177.76
504,2021-12-21,6.114,11.15,0.4347,18.27,13.45,16.308,2.2325,220.4,6.835,12.18,26653.3
505,2021-12-22,6.262,11.26,0.4428,18.39,13.44,16.452,2.2305,221.4,6.876,12.174,26827.93
506,2021-12-23,6.266,11.36,0.4373,18.635,13.508,16.598,2.251,223.7,6.916,12.24,27016.22
507,2021-12-27,6.354,11.46,0.4357,18.55,13.528,16.832,2.2625,226.4,6.928,12.294,27231.2
508,2021-12-28,6.36,11.555,0.4354,18.75,13.576,16.854,2.2835,227.6,7.036,12.404,27444.93
509,2021-12-29,6.304,11.53,0.4342,18.68,13.536,16.702,2.277,225.8,7.01,12.28,27344.25
510,2021-12-30,6.3,11.54,0.4342,18.63,13.544,16.686,2.274,227.5,7.046,12.22,27346.83
511,2022-01-03,6.388,11.705,0.4491,18.82,13.752,17.328,2.345,228.2,7.195,12.408,27730.32
512,2022-01-04,6.434,11.72,0.4449,19.005,14.276,17.714,2.394,235.1,7.172,12.61,27954.84
513,2022-01-05,6.442,11.765,0.4569,18.895,14.394,18.428,2.418,236.9,7.12,12.756,28162.67
514,2022-01-06,6.312,11.665,0.4518,18.465,14.15,18.246,2.433,229.2,6.949,12.65,27655.69
515,2022-01-07,6.35,11.555,0.4545,18.57,14.248,18.002,2.4515,225.1,6.909,12.79,27618.47
516,2022-01-10,6.468,11.665,0.4495,18.46,14.222,17.864,2.463,221.0,6.93,12.684,27353.71
517,2022-01-11,6.566,11.7,0.4524,18.59,14.064,18.04,2.482,223.9,6.931,12.81,27535.48
518,2022-01-12,6.55,11.735,0.4515,18.745,13.61,18.38,2.5455,226.4,6.922,13.052,27714.26
519,2022-01-13,6.636,11.655,0.4482,18.725,13.652,19.01,2.5605,222.0,6.961,13.024,27844.45
520,2022-01-14,6.762,11.6,0.4513,18.44,13.54,18.974,2.562,213.4,6.807,13.16,27543.96
521,2022-01-17,6.778,11.61,0.4372,18.58,13.632,19.14,2.5775,213.5,6.863,13.212,27688.56
522,2022-01-18,6.824,11.565,0.4232,18.855,13.704,19.094,2.575,209.0,6.811,13.27,27483.28
523,2022-01-19,6.91,11.59,0.4104,18.72,13.572,18.99,2.534,210.8,6.811,13.42,27370.85
524,2022-01-20,6.914,11.685,0.4241,18.875,13.57,18.794,2.5515,214.1,7.003,13.29,27570.0
525,2022-01-21,6.8,11.485,0.4193,18.27,13.18,18.128,2.552,207.6,6.905,13.106,27061.4
526,2022-01-24,6.602,11.025,0.4089,17.8,12.848,16.788,2.4665,197.95,6.665,12.686,25972.9
527,2022-01-25,6.226,11.055,0.4073,17.895,13.176,16.602,2.489,200.5,6.666,13.094,26028.89
528,2022-01-26,6.336,11.295,0.4096,18.05,13.652,17.404,2.5645,203.5,6.715,13.484,26619.25
529,2022-01-27,6.398,11.545,0.4081,18.28,13.772,17.542,2.6125,200.4,6.852,13.812,26882.47
530,2022-01-28,6.46,11.405,0.4069,18.265,13.746,17.068,2.597,200.5,6.752,13.574,26565.41
531,2022-01-31,6.382,11.855,0.4162,18.58,13.99,16.97,2.6195,202.9,6.781,13.308,26814.05
532,2022-02-01,6.44,11.93,0.42,18.68,14.25,17.344,2.67,207.1,6.854,13.456,27224.89
533,2022-02-02,6.404,11.93,0.4251,18.765,14.71,17.476,2.697,210.4,6.849,13.356,27388.73
534,2022-02-03,6.346,11.94,0.426,18.665,15.05,17.374,2.728,202.6,6.779,13.288,27088.96
535,2022-02-04,6.146,11.195,0.4169,18.405,14.97,16.462,2.667,200.0,6.639,13.48,26603.59
536,2022-02-07,6.082,10.89,0.418,18.19,14.784,16.302,2.715,197.25,6.431,13.186,26328.93
537,2022-02-08,6.23,10.96,0.4143,18.345,15.128,16.438,2.7695,197.3,6.331,13.036,26411.73
538,2022-02-09,6.316,11.21,0.4169,18.44,15.36,17.106,2.8535,203.5,6.477,13.252,27128.99
539,2022-02-10,6.484,11.145,0.4222,18.65,15.85,16.96,2.92,198.65,6.432,13.298,27190.2
540,2022-02-11,6.53,11.01,0.4247,18.62,15.69,16.77,2.8535,194.95,6.394,13.528,26966.1
541,2022-02-14,6.462,10.795,0.413,18.355,15.026,16.34,2.7675,193.8,6.32,13.324,26415.41
542,2022-02-15,6.78,10.995,0.4147,18.69,15.346,17.012,2.853,198.6,6.429,13.172,26967.98
543,2022-02-16,6.786,11.095,0.4144,18.955,15.092,17.17,2.791,195.65,6.51,13.308,26969.32
544,2022-02-17,6.646,11.135,0.4113,18.61,14.68,16.85,2.739,196.75,6.482,13.334,26669.27
545,2022-02-18,6.6,11.035,0.4063,18.54,14.632,16.692,2.722,194.5,6.435,13.47,26506.79
546,2022-02-21,6.414,10.765,0.395,18.355,14.376,16.304,2.674,191.15,6.296,13.314,26050.03
547,2022-02-22,6.416,10.725,0.3965,18.12,14.07,16.346,2.66,191.7,6.344,13.492,26043.96
548,2022-02-23,6.4,10.635,0.3834,18.17,14.008,17.066,2.6205,192.25,6.314,13.426,25955.08
549,2022-02-24,6.678,10.04,0.374,17.465,12.118,16.034,2.412,188.25,6.192,13.362,24879.88
550,2022-02-25,6.95,10.37,0.3814,17.89,12.58,16.884,2.4775,190.45,6.549,13.78,25773.03
551,2022-02-28,8.0,10.275,0.3779,17.73,11.388,16.37,2.2935,192.75,6.599,13.832,25415.89
552,2022-03-01,8.116,9.86,0.3437,17.335,10.596,15.236,2.1165,189.3,6.174,14.252,24363.56
553,2022-03-02,7.994,9.844,0.3437,17.225,10.82,15.392,2.146,188.45,6.17,14.53,24534.33
554,2022-03-03,7.984,9.706,0.2956,17.15,10.538,14.96,2.084,185.4,5.955,13.866,23958.83
555,2022-03-04,7.558,9.08,0.2496,16.23,9.0,13.822,1.8962,180.6,5.67,12.854,22464.86
556,2022-03-07,8.034,8.884,0.236,15.865,8.497,12.938,1.8432,170.35,5.561,13.406,22160.28
557,2022-03-08,8.026,9.296,0.2498,16.175,9.017,12.932,1.8656,165.0,5.722,13.67,22338.13
558,2022-03-09,8.068,10.12,0.2668,16.96,10.07,14.52,2.0725,179.7,6.039,13.602,23889.49
559,2022-03-10,8.188,9.608,0.2755,16.8,9.348,13.47,1.9148,173.0,5.739,13.104,22886.69
560,2022-03-11,9.132,9.666,0.2888,17.17,9.246,13.496,1.9194,175.5,5.728,13.036,23041.2
561,2022-03-14,8.984,9.928,0.3031,17.645,9.553,14.0,1.99,177.95,5.819,12.978,23426.7
562,2022-03-15,9.128,9.874,0.297,17.91,9.63,14.156,2.008,177.9,5.826,12.924,23499.86
563,2022-03-16,8.684,10.32,0.3017,18.575,10.228,15.06,2.148,187.1,5.824,12.77,24284.85
564,2022-03-17,8.816,10.105,0.2982,18.61,9.77,14.716,2.072,188.3,5.72,13.11,24123.58
565,2022-03-18,8.76,10.075,0.2991,18.775,9.693,14.664,2.086,189.05,5.76,12.728,24222.16
566,2022-03-21,9.018,10.115,0.2947,18.735,9.668,14.608,2.0665,188.4,5.824,13.094,24294.71
567,2022-03-22,9.054,10.38,0.299,18.82,9.831,14.822,2.1,193.2,5.823,13.104,24533.84
568,2022-03-23,9.294,10.365,0.3011,18.88,9.54,14.594,2.048,190.35,5.709,13.222,24298.66
569,2022-03-24,9.32,10.55,0.3264,19.065,9.489,14.412,2.031,193.5,5.77,13.314,24401.48
570,2022-03-25,9.46,10.41,0.3323,19.42,9.505,14.434,2.033,192.1,5.824,13.464,24558.74
571,2022-03-28,9.186,10.53,0.3369,20.14,9.57,14.45,2.0445,195.75,5.878,13.272,24712.6
572,2022-03-29,8.97,10.62,0.3365,19.73,10.29,15.41,2.161,200.1,6.077,13.096,25307.98
573,2022-03-30,9.2,10.575,0.3588,20.12,10.14,15.166,2.134,200.9,6.097,13.382,25300.25
574,2022-03-31,9.02,10.32,0.3335,20.77,9.855,14.8,2.0835,198.7,6.068,13.294,25021.26
575,2022-04-01,9.086,10.4,0.322,21.11,10.002,14.79,2.105,199.55,6.104,13.414,25163.3
576,2022-04-04,9.33,10.245,0.3158,20.3,9.926,14.888,2.095,209.5,6.11,13.442,25175.86
577,2022-04-05,9.32,10.12,0.313,20.21,9.644,14.34,2.042,207.7,6.232,13.508,24960.38
578,2022-04-06,9.214,10.025,0.3054,19.98,9.427,13.702,1.9822,201.4,6.208,13.388,24447.36
579,2022-04-07,9.036,9.872,0.312,19.36,9.374,13.54,1.9516,200.1,6.168,13.262,24302.71
580,2022-04-08,9.066,10.065,0.3091,19.585,9.658,13.766,1.982,203.2,6.31,13.818,24819.15
581,2022-04-11,9.488,9.984,0.3063,19.44,9.714,13.922,1.9808,201.6,6.287,13.796,24749.49
582,2022-04-12,9.748,9.834,0.307,19.275,9.339,13.906,1.9412,206.6,6.248,13.866,24667.27
583,2022-04-13,9.92,9.734,0.3162,19.185,9.474,13.974,1.9442,205.2,6.198,14.174,24722.16
584,2022-04-14,10.13,9.812,0.3088,19.265,9.605,14.074,1.971,206.8,6.202,14.2,24862.35
585,2022-04-19,9.984,9.654,0.306,18.75,9.288,13.348,1.973,205.6,6.181,14.15,24624.41
586,2022-04-20,10.155,9.908,0.3023,18.765,9.432,13.42,2.0205,205.1,6.165,14.228,24878.23
587,2022-04-21,10.11,9.876,0.3001,18.67,9.461,13.55,2.025,204.2,6.11,14.0,24805.62
588,2022-04-22,10.1,9.702,0.287,18.415,9.249,13.112,1.9828,197.05,6.013,13.58,24279.63
589,2022-04-25,10.005,9.428,0.28,18.12,9.139,12.8,1.9486,195.6,6.103,12.93,23908.55
590,2022-04-26,10.065,9.302,0.278,18.06,8.845,12.392,1.918,192.55,6.093,12.958,23681.76
591,2022-04-27,9.892,9.272,0.2806,18.105,8.831,12.64,1.9208,197.75,6.073,12.93,23830.11
592,2022-04-28,9.788,9.332,0.2787,18.0,8.736,12.796,1.926,201.4,6.22,13.158,24055.56
593,2022-04-29,9.824,9.378,0.2781,18.1,8.905,12.982,1.9548,203.0,6.218,13.39,24252.16
594,2022-05-02,9.632,9.284,0.2712,17.95,8.66,12.59,1.9224,198.55,6.173,13.2,23857.23
595,2022-05-03,9.97,9.378,0.2712,18.305,8.649,12.99,1.9602,203.9,6.249,13.528,24242.25
596,2022-05-04,9.85,9.21,0.2715,18.2,8.405,12.822,1.9252,192.55,6.194,13.6,23902.06
597,2022-05-05,9.766,9.138,0.2671,17.99,8.58,12.73,1.9246,191.9,6.055,13.51,23759.71
598,2022-05-06,9.796,9.002,0.2606,17.735,8.23,13.144,1.88,188.1,6.008,13.604,23475.72
599,2022-05-09,9.932,8.768,0.2542,17.44,8.021,12.7,1.83,182.0,5.873,13.078,22832.56
600,2022-05-10,9.634,8.976,0.2608,17.71,8.459,12.848,1.8616,179.45,5.842,13.258,23069.78
601,2022-05-11,9.754,9.184,0.2711,17.76,9.372,13.23,1.94,184.1,5.98,13.62,23724.2
602,2022-05-12,9.536,9.472,0.2737,17.67,9.646,13.254,1.9622,182.2,5.838,13.356,23566.23
603,2022-05-13,9.58,9.67,0.2778,17.735,9.696,13.77,1.9724,186.9,5.937,13.64,24048.29
604,2022-05-16,9.766,9.534,0.2722,17.815,9.668,13.682,1.9544,180.4,5.987,13.826,24033.05
605,2022-05-17,9.864,9.624,0.2779,18.1,9.765,13.728,1.99,182.8,6.01,13.932,24301.65
606,2022-05-18,9.854,9.566,0.2697,18.0,9.965,13.508,1.9904,177.05,5.938,13.832,24085.82
607,2022-05-19,9.85,9.532,0.2728,18.1,10.1,13.472,1.988,177.1,5.936,13.786,24065.05
608,2022-05-20,9.86,9.504,0.2722,17.995,9.94,13.54,1.983,179.4,6.123,13.89,24095.0
609,2022-05-23,9.9,9.69,0.2767,17.43,10.36,13.572,1.9752,177.8,6.133,13.714,24136.56
610,2022-05-24,10.03,9.526,0.2718,17.275,10.406,13.136,1.9792,176.5,6.039,13.61,23876.08
611,2022-05-25,10.065,9.684,0.2748,17.355,10.664,13.38,2.033,178.35,6.132,14.12,24250.45
612,2022-05-26,10.205,9.752,0.2794,17.425,10.77,13.71,2.0515,183.8,6.184,14.246,24546.5
613,2022-05-27,10.28,9.932,0.2804,17.08,10.818,13.748,2.047,187.2,6.186,14.192,24636.26
614,2022-05-30,10.25,10.15,0.2892,17.04,10.916,14.0,2.0595,189.55,6.162,14.2,24808.65
615,2022-05-31,10.02,10.075,0.2976,16.95,10.9,13.934,2.0305,181.4,6.044,14.198,24505.08
616,2022-06-01,10.17,10.02,0.2872,16.91,10.714,14.176,2.0,177.65,5.924,14.098,24283.56
617,2022-06-02,10.215,10.015,0.2916,16.835,10.682,14.264,2.0,181.25,5.954,14.072,24426.5
618,2022-06-03,10.415,9.92,0.2871,16.715,10.596,13.792,1.973,177.7,5.905,14.258,24166.66
619,2022-06-06,10.36,10.11,0.289,16.935,10.876,14.058,2.0375,180.55,6.029,14.432,24565.67
620,2022-06-07,10.7,10.09,0.28,16.825,10.758,13.888,2.0025,177.05,5.988,14.428,24366.19
621,2022-06-08,10.74,9.95,0.2795,16.635,10.598,14.008,1.99,180.9,5.846,14.392,24236.67
622,2022-06-09,10.47,9.734,0.2722,16.485,10.568,13.712,1.9668,176.5,5.729,14.026,23776.97
623,2022-06-10,10.035,9.152,0.2541,15.68,9.606,12.992,1.8216,173.65,5.481,13.24,22547.48
624,2022-06-13,9.636,8.846,0.2462,15.495,9.486,12.482,1.759,166.2,5.388,12.978,21918.04
625,2022-06-14,9.66,9.118,0.2481,15.515,9.715,12.478,1.77,162.65,5.333,13.17,21846.89
626,2022-06-15,9.828,9.418,0.2574,16.145,10.078,12.83,1.8514,168.0,5.556,13.254,22473.56
627,2022-06-16,9.668,8.95,0.2488,15.675,9.753,12.152,1.793,166.8,5.4,12.606,21726.64
628,2022-06-17,9.702,8.996,0.2483,15.615,9.803,12.236,1.8036,167.3,5.442,12.01,21788.87
629,2022-06-20,9.738,8.794,0.2548,15.9,10.236,12.388,1.8726,172.0,5.489,12.044,22004.05
630,2022-06-21,10.08,8.72,0.2593,15.685,10.328,12.698,1.886,174.95,5.465,12.08,22089.41
631,2022-06-22,9.68,8.76,0.2607,15.52,10.216,12.48,1.8806,174.0,5.351,11.66,21788.57
632,2022-06-23,9.52,8.692,0.2603,15.445,9.812,12.214,1.84,176.1,5.422,11.43,21615.0
633,2022-06-24,9.59,8.946,0.2609,16.02,9.824,12.428,1.8822,179.7,5.513,11.666,22119.2
634,2022-06-27,9.5,8.902,0.2576,15.535,9.71,12.42,1.8934,177.7,5.409,11.43,21928.81
635,2022-06-28,9.85,9.08,0.2626,15.72,9.8,12.54,1.8986,178.85,5.476,11.5,22101.23
636,2022-06-29,9.742,9.012,0.2612,15.56,9.568,12.19,1.876,175.4,5.402,11.602,21833.5
637,2022-06-30,9.678,8.912,0.2497,15.225,9.065,11.792,1.78,175.2,5.22,11.328,21293.86
638,2022-07-01,9.862,8.916,0.2571,15.565,9.08,11.72,1.7676,177.65,5.313,11.228,21354.65
639,2022-07-04,9.798,8.908,0.262,15.415,9.086,11.596,1.7252,181.9,5.281,11.498,21343.93
640,2022-07-05,9.066,8.55,0.25,14.54,8.828,11.24,1.6714,182.2,5.077,10.832,20705.06
641,2022-07-06,9.252,8.604,0.254,14.705,8.834,11.204,1.6782,184.15,5.176,10.756,20920.99
642,2022-07-07,9.556,8.826,0.257,15.3,9.416,11.998,1.7452,189.0,5.263,11.046,21558.07
643,2022-07-08,9.95,8.688,0.2589,15.37,9.492,12.458,1.7626,190.7,5.252,11.226,21774.18
644,2022-07-11,10.005,8.524,0.26,15.17,9.278,12.2,1.732,191.0,5.242,11.2,21567.7
645,2022-07-12,10.325,8.562,0.2515,15.215,9.095,12.298,1.7076,189.75,5.178,11.138,21485.7
646,2022-07-13,10.035,8.382,0.25,14.96,9.052,12.0,1.7008,189.35,5.127,11.116,21286.33
647,2022-07-14,9.656,7.956,0.234,14.465,8.499,11.692,1.6066,188.45,4.835,10.644,20554.33
648,2022-07-15,9.884,8.158,0.226,14.565,8.575,11.956,1.632,193.05,5.0,10.838,20933.26
649,2022-07-18,9.96,8.312,0.226,14.545,8.717,12.254,1.674,195.45,4.909,11.014,21169.12
650,2022-07-19,10.355,8.588,0.229,14.685,9.266,12.724,1.7726,196.3,4.973,11.304,21696.2
651,2022-07-20,10.16,8.398,0.2308,14.265,9.009,12.642,1.7104,193.4,4.818,11.174,21348.42
652,2022-07-21,9.762,7.988,0.2203,14.24,8.705,12.568,1.663,197.2,4.748,11.0,21196.59
653,2022-07-22,9.802,8.094,0.2158,14.295,8.5,12.648,1.66,197.45,4.724,10.97,21211.98
654,2022-07-25,9.79,8.128,0.21,14.55,8.668,12.852,1.688,198.25,4.75,11.062,21382.71
655,2022-07-26,9.798,8.11,0.2035,14.26,8.642,12.75,1.6568,194.5,4.735,11.02,21159.98
656,2022-07-27,9.818,8.124,0.2052,14.21,9.389,12.93,1.6772,196.55,4.731,11.2,21480.7
657,2022-07-28,9.892,8.056,0.2087,14.44,9.298,13.566,1.7058,204.2,4.793,11.092,21932.06
658,2022-07-29,9.136,8.17,0.2162,14.585,9.58,13.922,1.7286,206.2,4.909,11.716,22405.48
659,2022-08-01,9.272,8.25,0.2134,14.885,9.46,14.046,1.7492,206.9,4.953,11.702,22429.47
660,2022-08-02,9.336,8.15,0.2144,14.6,9.433,14.282,1.747,209.1,4.864,11.444,22351.02
661,2022-08-03,9.268,8.288,0.2227,14.675,9.628,14.424,1.7738,212.2,4.875,11.4,22574.9
662,2022-08-04,9.014,8.384,0.216,14.8,9.716,14.324,1.783,210.4,4.913,11.39,22645.84
663,2022-08-05,8.98,8.478,0.22,15.04,9.888,14.332,1.814,208.1,4.951,11.456,22586.88
664,2022-08-08,8.994,8.4,0.2214,15.04,9.846,14.782,1.8172,210.7,5.032,11.446,22727.94
665,2022-08-09,9.03,8.354,0.2215,15.12,9.791,14.406,1.816,206.9,5.008,11.492,22488.49
666,2022-08-10,8.99,8.404,0.2195,15.28,9.922,14.608,1.8326,208.4,4.988,11.424,22702.44
667,2022-08-11,9.058,8.528,0.2268,15.36,9.908,14.686,1.84,209.4,5.0,11.59,22858.18
668,2022-08-12,8.926,8.536,0.2405,15.485,10.172,14.832,1.8538,209.0,5.035,11.63,22970.73
669,2022-08-16,9.09,8.464,0.2318,15.365,10.03,14.9,1.8548,208.1,5.102,11.578,22997.83
670,2022-08-17,8.97,8.312,0.2257,15.28,10.034,14.64,1.8286,206.3,5.097,11.692,22757.81
671,2022-08-18,8.876,8.352,0.224,15.41,10.026,14.872,1.827,208.8,5.092,11.934,22985.7
672,2022-08-19,8.694,8.2,0.2163,15.1,9.645,14.444,1.7732,205.3,5.003,11.77,22534.57
673,2022-08-22,8.596,7.992,0.2071,14.945,9.324,13.852,1.7184,203.0,4.935,11.96,22165.66
674,2022-08-23,8.648,8.114,0.2084,15.04,9.474,14.04,1.7496,203.2,4.94,12.408,22380.06
675,2022-08-24,8.614,8.074,0.2102,14.87,9.479,14.19,1.7636,205.5,4.945,12.254,22431.47
676,2022-08-25,8.63,8.048,0.207,15.075,9.328,14.09,1.7384,205.8,4.946,12.506,22454.43
677,2022-08-26,8.486,7.866,0.2075,14.725,9.1,13.74,1.685,199.85,4.832,12.316,21895.25
678,2022-08-29,8.27,7.766,0.212,14.645,9.264,13.756,1.7014,198.55,4.804,12.5,21841.88
679,2022-08-30,8.262,7.946,0.2126,14.82,9.378,13.62,1.7294,196.0,4.813,12.236,21825.22
680,2022-08-31,8.166,7.992,0.206,14.64,9.798,13.354,1.723,193.2,4.695,11.808,21559.32
681,2022-09-01,7.892,7.886,0.2072,14.51,9.691,13.13,1.6938,191.85,4.642,11.726,21302.16
682,2022-09-02,7.89,8.1,0.2092,15.025,9.996,13.474,1.7382,196.65,4.754,12.086,21921.26
683,2022-09-05,7.84,7.89,0.2022,14.615,9.723,12.828,1.697,190.65,4.7,12.29,21480.19
684,2022-09-06,7.804,7.98,0.203,14.6,9.77,13.0,1.7038,191.8,4.677,11.952,21480.61
685,2022-09-07,7.708,8.002,0.202,14.575,9.613,13.138,1.7,194.15,4.749,11.618,21489.36
686,2022-09-08,7.71,8.086,0.1916,14.68,10.192,13.128,1.7404,194.3,4.806,11.582,21678.08
687,2022-09-09,7.66,8.21,0.197,14.95,10.372,13.292,1.8332,195.55,4.855,11.682,22094.56
688,2022-09-12,7.856,8.478,0.2047,15.42,10.612,13.738,1.896,199.7,4.991,11.944,22610.4
689,2022-09-13,7.758,8.32,0.2048,15.185,10.604,13.544,1.8812,195.55,4.949,11.836,22303.86
690,2022-09-14,7.702,8.336,0.2047,15.325,10.866,13.666,1.9002,200.5,4.92,11.81,22413.46
691,2022-09-15,7.704,8.402,0.1991,15.27,10.964,13.684,1.92,199.4,4.897,11.54,22365.82
692,2022-09-16,7.654,8.272,0.1829,15.12,10.712,13.4,1.915,196.55,4.919,11.444,22110.89
693,2022-09-19,7.738,8.308,0.1877,15.17,10.664,13.51,1.9154,196.5,4.931,11.224,22140.73
694,2022-09-20,7.726,8.11,0.1804,14.875,10.504,13.22,1.8492,193.6,4.84,11.14,21773.75
695,2022-09-21,8.154,8.134,0.1907,14.915,10.682,13.33,1.8366,196.25,4.85,11.34,22035.81
696,2022-09-22,8.16,8.13,0.1883,14.8,11.25,13.008,1.852,191.8,4.834,11.34,21799.11
697,2022-09-23,7.67,7.896,0.18,14.43,10.798,12.482,1.764,190.15,4.644,10.802,21066.55
698,2022-09-26,7.842,7.976,0.1847,14.57,10.876,12.72,1.7684,194.5,4.548,10.734,21207.25
699,2022-09-27,7.748,7.81,0.191,14.215,10.648,12.834,1.7272,196.55,4.302,10.752,20961.38
700,2022-09-28,7.33,7.82,0.1897,14.07,10.474,12.826,1.6986,195.2,4.319,10.786,20852.67
701,2022-09-29,7.4,7.658,0.1826,13.845,10.19,12.214,1.655,190.05,4.248,10.802,20352.98
702,2022-09-30,7.272,7.79,0.1903,14.02,10.458,12.272,1.7028,191.7,4.224,10.91,20648.85
703,2022-10-03,7.388,7.95,0.196,14.02,10.708,12.514,1.734,189.75,4.357,11.242,20972.57
704,2022-10-04,7.504,8.184,0.2032,14.5,11.064,12.93,1.788,196.4,4.464,11.54,21690.65
705,2022-10-05,7.382,8.066,0.195,14.205,10.808,12.624,1.7412,193.2,4.321,11.724,21360.72
706,2022-10-06,7.212,7.93,0.1884,13.88,10.666,12.534,1.7122,194.4,4.17,11.73,21140.55
707,2022-10-07,7.436,7.822,0.1871,13.745,10.708,12.3,1.7056,189.65,4.122,11.84,20901.56
708,2022-10-10,7.5,7.95,0.1815,14.0,10.896,12.184,1.7076,187.75,4.189,11.782,20912.96
709,2022-10-11,7.366,7.84,0.1761,13.985,10.714,12.32,1.6954,190.05,4.076,11.57,20730.5
710,2022-10-12,7.018,7.66,0.1713,13.805,10.688,12.194,1.6754,188.95,4.003,11.396,20466.77
711,2022-10-13,7.182,7.786,0.172,14.055,10.93,12.486,1.7064,186.7,4.072,11.688,20785.82
712,2022-10-14,7.15,7.904,0.173,14.235,11.052,12.498,1.7124,187.3,4.113,11.782,20930.81
713,2022-10-17,7.364,8.102,0.1777,14.4,11.194,12.814,1.743,191.4,4.215,11.864,21319.73
714,2022-10-18,7.35,8.396,0.189,14.475,11.354,13.022,1.8028,193.5,4.258,11.73,21518.78
715,2022-10-19,7.448,8.35,0.1888,14.655,11.204,12.968,1.7916,191.85,4.284,11.866,21472.11
716,2022-10-20,7.6,8.322,0.1899,14.685,11.288,13.174,1.829,192.3,4.241,12.094,21701.5
717,2022-10-21,7.792,8.242,0.1903,14.445,11.446,13.074,1.8276,190.2,4.194,12.058,21567.55
718,2022-10-24,7.77,8.432,0.1955,14.84,11.508,13.474,1.8558,194.05,4.293,12.354,21982.95
719,2022-10-25,7.742,8.51,0.1969,14.855,11.52,13.53,1.8646,199.05,4.379,12.322,22289.85
720,2022-10-26,7.88,8.59,0.1963,14.88,12.016,13.652,1.8658,197.95,4.385,12.484,22389.78
721,2022-10-27,7.952,8.842,0.1994,15.075,12.312,13.634,1.9058,197.25,4.522,12.918,22590.41
722,2022-10-28,8.082,8.774,0.1965,15.07,12.258,13.564,1.9052,198.9,4.472,13.136,22529.2
723,2022-10-31,8.132,8.82,0.1981,15.19,12.548,13.66,1.929,199.5,4.519,13.254,22652.11
724,2022-11-01,8.166,8.846,0.2083,15.335,12.646,13.792,1.9452,199.1,4.54,13.464,22795.64
725,2022-11-02,8.264,8.8,0.2115,15.25,12.9,13.734,1.9448,195.95,4.593,13.53,22802.97
726,2022-11-03,8.2,8.746,0.2183,15.4,12.818,13.286,1.9696,196.65,4.574,13.72,22706.02
727,2022-11-04,7.566,9.026,0.2197,15.685,13.042,13.564,2.065,201.4,4.68,14.01,23282.46
728,2022-11-07,7.55,9.18,0.2431,16.0,12.8,13.76,2.129,200.5,4.738,14.268,23493.0
729,2022-11-08,7.236,9.236,0.2378,16.215,12.87,13.71,2.148,204.3,4.784,14.214,23694.17
730,2022-11-09,7.284,9.35,0.2333,16.325,12.858,13.706,2.154,203.0,4.819,14.022,23780.07
731,2022-11-10,7.178,9.754,0.2454,16.66,13.034,14.158,2.177,209.2,5.01,14.07,24394.28
732,2022-11-11,7.088,9.638,0.2369,16.865,12.8,14.228,2.1605,209.8,5.048,14.278,24455.57
733,2022-11-14,7.294,9.704,0.24,17.08,12.87,14.408,2.1865,207.9,5.079,14.474,24596.69
734,2022-11-15,7.472,9.74,0.233,17.105,13.054,14.516,2.19,208.2,5.11,14.476,24699.75
735,2022-11-16,7.634,9.624,0.2266,17.075,12.99,14.25,2.1905,205.9,5.139,14.358,24531.27
736,2022-11-17,7.4,9.558,0.2239,16.995,13.016,14.108,2.178,205.9,5.0,14.086,24339.67
737,2022-11-18,7.414,9.604,0.2236,17.26,13.102,14.41,2.2165,208.2,5.157,14.188,24675.18
738,2022-11-21,7.39,9.352,0.2145,17.07,13.264,14.542,2.141,210.0,5.085,13.444,24356.05
739,2022-11-22,7.55,9.308,0.2219,16.98,13.43,14.682,2.1605,210.4,5.11,14.052,24590.5
740,2022-11-23,7.53,9.404,0.2191,16.91,13.218,14.464,2.1445,210.5,5.063,14.12,24581.14
741,2022-11-24,7.588,9.282,0.2252,16.95,13.34,14.654,2.16,210.5,5.153,14.184,24730.89
742,2022-11-25,7.658,9.446,0.2255,16.93,13.124,14.65,2.1585,210.0,5.155,14.298,24718.81
743,2022-11-28,7.722,9.338,0.2228,16.705,13.1,14.554,2.116,210.3,5.07,14.018,24440.88
744,2022-11-29,7.8,9.422,0.2176,16.94,12.96,14.71,2.1345,208.5,5.106,14.196,24465.95
745,2022-11-30,7.664,9.386,0.2062,16.94,13.024,14.892,2.122,211.9,5.134,14.324,24610.29
746,2022-12-01,7.69,9.386,0.2138,17.125,12.55,14.908,2.0845,216.1,5.25,14.09,24685.67
747,2022-12-02,7.748,9.45,0.2094,17.23,12.536,14.602,2.0965,214.5,5.267,13.892,24621.72
748,2022-12-05,7.682,9.426,0.2065,17.215,12.424,14.658,2.0785,215.6,5.278,13.834,24547.84
749,2022-12-06,7.74,9.346,0.2055,17.21,12.51,14.448,2.0665,210.1,5.206,13.642,24265.45
750,2022-12-07,7.728,9.46,0.2016,17.32,12.586,14.482,2.0615,209.9,5.224,13.436,24241.35
751,2022-12-08,7.754,9.29,0.2008,17.2,12.55,14.082,2.0575,209.1,5.174,13.524,24207.42
752,2022-12-09,7.626,9.376,0.2035,17.315,12.53,13.724,2.067,209.4,5.222,13.526,24277.49
753,2022-12-12,7.666,9.378,0.2096,17.265,12.702,13.784,2.0685,210.4,5.198,13.608,24303.68
754,2022-12-13,7.708,9.492,0.209,17.445,12.868,13.8,2.101,212.1,5.248,13.814,24636.94
755,2022-12-14,7.738,9.494,0.2102,17.38,12.774,13.892,2.0875,212.0,5.252,13.61,24573.93
756,2022-12-15,7.74,8.998,0.2052,16.56,12.566,13.554,1.9944,209.2,5.055,13.05,23726.05
757,2022-12-16,7.768,9.048,0.2031,16.5,12.788,13.354,2.058,206.5,5.05,12.9,23688.16
758,2022-12-19,7.654,9.056,0.2118,16.685,12.686,13.474,2.0345,204.9,5.046,12.99,23683.54
759,2022-12-20,7.8,9.212,0.211,16.73,13.196,13.254,2.0755,201.4,5.047,13.0,23718.25
760,2022-12-21,7.968,9.288,0.2157,16.98,13.4,13.54,2.1005,202.6,5.13,13.462,24111.97
761,2022-12-22,7.914,9.21,0.2134,16.855,13.238,13.124,2.084,200.2,5.074,13.376,23813.3
762,2022-12-23,8.076,9.22,0.2185,16.8,13.284,13.19,2.0925,198.7,5.101,13.476,23877.55
763,2022-12-27,8.16,9.232,0.2181,16.755,13.262,13.158,2.082,199.05,5.078,13.546,23855.86
764,2022-12-28,8.122,9.148,0.2185,16.695,13.324,13.118,2.0805,199.15,5.049,13.508,23770.44
765,2022-12-29,8.18,9.25,0.2248,16.815,13.316,13.378,2.107,203.0,5.101,13.592,24056.55
766,2022-12-30,8.06,9.126,0.2163,16.615,13.272,13.264,2.078,200.2,5.03,13.286,23706.96
767,2023-01-02,8.294,9.232,0.2188,16.775,13.446,13.648,2.123,202.5,5.171,13.708,24158.28
768,2023-01-03,8.242,9.412,0.223,16.85,13.91,13.826,2.1725,203.8,5.3,13.786,24436.47
769,2023-01-04,8.09,9.646,0.2314,17.27,14.43,14.192,2.2285,206.1,5.487,13.576,24860.56
770,2023-01-05,8.046,9.512,0.2323,17.275,14.534,14.34,2.215,205.9,5.478,13.608,24832.7
771,2023-01-06,8.15,9.606,0.2356,17.34,14.712,14.446,2.2335,208.9,5.601,13.838,25180.35
772,2023-01-09,8.078,9.588,0.2487,17.18,14.612,14.554,2.2285,216.0,5.599,13.944,25385.09
773,2023-01-10,8.06,9.7,0.2493,17.33,14.598,14.666,2.25,213.5,5.536,13.974,25364.61
774,2023-01-11,8.05,9.616,0.2466,17.4,14.38,14.648,2.2595,216.9,5.63,14.24,25546.86
775,2023-01-12,8.21,9.704,0.2504,17.385,14.588,14.77,2.284,216.7,5.707,14.416,25733.96
776,2023-01-13,8.226,9.73,0.2496,17.355,14.754,14.23,2.288,217.6,5.728,14.422,25783.48
777,2023-01-16,8.242,9.784,0.2579,17.425,14.788,14.316,2.285,217.3,5.808,14.328,25901.33
778,2023-01-17,8.646,9.722,0.26,17.51,14.658,14.362,2.261,221.3,5.76,14.372,25981.19
779,2023-01-18,8.684,9.766,0.2563,17.525,14.618,14.268,2.25,222.7,5.764,14.46,26052.39
780,2023-01-19,8.848,9.552,0.2547,17.37,14.62,13.91,2.223,219.4,5.657,14.254,25596.28
781,2023-01-20,8.91,9.582,0.2551,17.76,14.958,14.024,2.1805,222.6,5.65,14.456,25775.52
782,2023-01-23,9.218,9.628,0.2599,17.84,15.03,14.016,2.2395,224.1,5.466,14.4,25821.45
783,2023-01-24,9.21,9.646,0.2574,17.915,15.256,14.02,2.2855,223.4,5.496,14.18,25884.31
784,2023-01-25,9.446,9.638,0.2565,17.865,15.31,13.916,2.295,224.6,5.478,14.076,25875.3
785,2023-01-26,9.568,9.7,0.2559,17.91,15.736,14.054,2.3425,227.5,5.483,14.198,26217.56
786,2023-01-27,9.548,9.776,0.2541,17.945,15.888,14.196,2.351,232.7,5.485,14.292,26435.75
787,2023-01-30,9.616,9.744,0.2659,18.01,15.926,14.024,2.344,232.4,5.433,14.17,26335.98
788,2023-01-31,9.454,9.786,0.2639,17.9,17.884,14.376,2.41,228.9,5.391,14.136,26599.74
789,2023-02-01,9.6,9.816,0.262,18.185,18.08,14.488,2.453,230.0,5.273,13.846,26703.87
790,2023-02-02,9.57,10.19,0.287,18.15,18.138,15.208,2.455,246.8,5.382,13.75,27100.62
791,2023-02-03,9.496,10.08,0.2835,18.05,18.018,15.2,2.383,242.0,5.362,13.844,26950.74
792,2023-02-06,9.482,10.09,0.2925,18.11,18.302,15.08,2.447,243.8,5.379,13.696,27022.33
793,2023-02-07,9.474,10.1,0.2991,18.105,18.262,15.088,2.4685,245.8,5.359,13.906,27118.74
794,2023-02-08,9.634,10.19,0.3048,18.155,18.222,15.122,2.469,247.3,5.346,14.16,27160.73
795,2023-02-09,9.764,10.26,0.3,18.22,18.974,15.678,2.504,250.2,5.34,14.344,27503.75
796,2023-02-10,9.858,10.05,0.295,18.245,18.742,15.412,2.477,242.6,5.411,14.75,27268.17
797,2023-02-13,10.025,10.195,0.295,18.265,18.68,15.508,2.499,246.1,5.403,14.768,27438.61
798,2023-02-14,10.105,10.19,0.2964,18.25,18.926,15.576,2.5025,245.7,5.38,14.826,27498.26
799,2023-02-15,10.215,10.14,0.2984,18.345,18.632,15.87,2.495,248.9,5.387,14.69,27533.69
800,2023-02-16,10.445,10.23,0.3058,18.305,19.426,15.904,2.551,250.6,5.374,14.714,27853.74
801,2023-02-17,10.455,10.225,0.3135,18.32,19.558,15.95,2.5645,249.0,5.353,14.3,27751.14
802,2023-02-20,10.23,10.19,0.305,18.365,19.0,16.138,2.554,247.0,5.35,14.35,27597.01
803,2023-02-21,10.465,10.08,0.3014,18.345,18.6,15.868,2.553,246.1,5.315,14.268,27409.34
804,2023-02-22,10.345,9.908,0.3098,18.13,18.104,16.218,2.4765,245.5,5.239,14.114,27101.53
805,2023-02-23,10.445,9.978,0.3025,18.16,18.452,16.804,2.514,247.0,5.26,13.358,27277.62
806,2023-02-24,10.47,9.856,0.3066,18.15,18.236,16.45,2.495,244.8,5.234,13.192,26986.35
807,2023-02-27,10.625,9.996,0.3077,18.34,19.078,16.632,2.533,246.9,5.306,13.4,27444.31
808,2023-02-28,10.615,10.2,0.3092,18.71,19.348,16.554,2.5615,245.3,5.317,13.366,27478.37
809,2023-03-01,10.62,10.045,0.3066,18.53,18.872,17.056,2.537,246.1,5.2,13.17,27315.08
810,2023-03-02,10.705,10.04,0.3054,18.525,18.636,17.172,2.542,248.5,5.265,13.344,27397.6
811,2023-03-03,10.795,10.13,0.309,18.6,18.938,17.668,2.5745,256.4,5.301,13.434,27825.08
812,2023-03-06,10.905,10.315,0.3187,18.76,19.278,17.576,2.5925,255.7,5.334,13.536,27949.29
813,2023-03-07,10.885,10.25,0.3114,18.765,19.084,17.53,2.565,255.0,5.295,13.422,27761.57
814,2023-03-08,10.76,10.22,0.3144,18.81,19.402,17.49,2.5725,254.9,5.32,13.418,27911.52
815,2023-03-09,10.72,10.15,0.313,18.625,19.22,17.202,2.5315,252.9,5.319,13.392,27710.53
816,2023-03-10,11.025,9.988,0.3122,18.42,18.62,16.888,2.482,248.4,5.326,13.43,27281.96
817,2023-03-13,11.035,9.584,0.3023,17.8,16.942,16.204,2.3305,242.3,5.227,12.924,26183.54
818,2023-03-14,11.36,9.736,0.3088,18.445,17.654,16.394,2.4085,245.0,5.364,13.04,26800.98
819,2023-03-15,10.585,9.21,0.2982,17.365,16.054,15.794,2.2435,240.8,5.246,12.31,25565.84
820,2023-03-16,10.75,9.266,0.2951,17.54,16.49,15.916,2.248,248.0,5.296,12.162,25918.76
821,2023-03-17,10.435,9.012,0.2831,17.215,15.898,15.716,2.193,242.0,5.287,12.162,25494.54
822,2023-03-20,10.535,9.106,0.288,17.615,16.286,15.846,2.275,243.9,5.388,12.206,25899.57
823,2023-03-21,10.845,9.416,0.29,18.185,17.42,16.186,2.355,246.9,5.48,12.464,26554.33
824,2023-03-22,11.03,9.354,0.29,18.09,17.2,16.196,2.343,248.0,5.504,12.478,26523.33
825,2023-03-23,11.055,9.372,0.2913,18.04,16.916,16.18,2.319,247.7,5.507,12.454,26482.21
826,2023-03-24,10.67,9.196,0.2834,17.69,16.23,15.902,2.263,243.9,5.392,12.172,25892.18
827,2023-03-27,10.975,9.354,0.2883,17.84,16.43,16.23,2.2715,247.0,5.464,12.308,26206.67
828,2023-03-28,10.87,9.364,0.2955,17.855,17.15,16.252,2.2935,246.0,5.45,12.546,26329.46
829,2023-03-29,10.925,9.514,0.298,18.08,17.25,16.41,2.328,247.7,5.508,12.674,26739.01
830,2023-03-30,10.875,9.41,0.3018,18.295,17.46,16.582,2.365,246.4,5.61,12.886,27021.04
831,2023-03-31,10.82,9.412,0.3042,18.38,17.41,16.736,2.3675,249.3,5.627,12.906,27113.95
832,2023-04-03,10.955,9.326,0.3087,18.35,17.93,16.67,2.365,247.8,5.602,13.432,27179.37
833,2023-04-04,11.05,9.212,0.3065,18.29,17.948,16.44,2.328,248.3,5.585,13.31,27026.56
834,2023-04-05,10.99,9.134,0.308,18.41,17.74,16.114,2.309,248.9,5.662,13.434,26867.39
835,2023-04-06,11.29,9.242,0.3079,18.55,18.238,16.248,2.358,248.9,5.849,13.54,27213.86
836,2023-04-11,11.41,9.35,0.31,18.82,18.36,16.75,2.377,251.8,5.904,13.784,27525.51
837,2023-04-12,11.355,9.29,0.3078,18.84,18.84,16.796,2.3955,252.1,5.992,13.666,27629.34
838,2023-04-13,11.72,9.39,0.3077,18.84,18.82,16.828,2.388,255.2,5.757,13.864,27626.61
839,2023-04-14,11.775,9.544,0.3061,18.93,19.37,17.164,2.4685,259.6,5.708,13.802,27872.24
840,2023-04-17,11.78,9.4,0.3079,18.78,19.028,16.978,2.4415,255.5,5.72,13.88,27700.21
841,2023-04-18,11.565,9.464,0.3118,18.895,19.45,17.032,2.478,255.3,5.759,13.89,27891.43
842,2023-04-19,11.425,9.564,0.286,19.065,19.784,16.968,2.4985,254.5,5.809,13.754,27933.61
843,2023-04-20,11.41,9.47,0.2815,19.09,19.434,16.05,2.4895,251.7,5.84,13.584,27627.12
844,2023-04-21,11.305,9.58,0.2694,19.095,19.528,15.944,2.4845,252.1,5.931,13.766,27745.81
845,2023-04-24,11.095,9.628,0.2659,19.135,18.864,14.938,2.507,254.5,6.028,13.818,27537.07
846,2023-04-25,10.9,9.488,0.2596,18.99,18.354,14.754,2.461,254.3,6.056,13.614,27253.48
847,2023-04-26,10.78,9.418,0.2624,18.885,18.0,14.67,2.434,251.6,6.09,13.746,27107.51
848,2023-04-27,10.86,9.524,0.2693,19.005,18.638,14.754,2.458,251.3,6.165,13.482,27158.0
849,2023-04-28,10.805,9.426,0.2669,18.88,17.94,15.0,2.3845,252.3,6.199,13.746,27077.44
850,2023-05-02,10.66,9.202,0.2597,18.58,17.626,14.738,2.3285,249.3,6.098,13.17,26630.09
851,2023-05-03,10.95,9.284,0.2482,18.655,18.288,14.462,2.369,253.1,6.099,13.038,26835.31
852,2023-05-04,10.315,9.182,0.2487,18.505,18.058,14.36,2.3455,265.0,6.087,12.974,26670.29
853,2023-05-05,10.445,9.476,0.2688,18.84,18.94,14.726,2.432,269.5,6.162,13.57,27348.57
854,2023-05-08,10.445,9.522,0.2682,18.99,18.98,14.82,2.463,268.9,6.119,13.644,27426.23
855,2023-05-09,10.465,9.582,0.2671,18.975,19.062,14.942,2.4565,269.9,6.112,13.52,27383.53
856,2023-05-10,10.67,9.622,0.2776,18.86,18.802,14.97,2.4155,268.0,6.093,13.432,27264.77
857,2023-05-11,10.635,9.504,0.2712,18.605,18.866,14.91,2.4015,269.4,6.044,13.194,27098.89
858,2023-05-12,11.065,9.604,0.2727,18.72,18.872,14.946,2.428,272.4,6.058,13.386,27347.32
859,2023-05-15,11.055,9.69,0.2683,18.865,18.77,14.862,2.4205,270.3,6.018,13.346,27245.46
860,2023-05-16,11.125,9.63,0.2623,18.77,18.866,14.692,2.41,270.8,6.02,13.23,27198.87
861,2023-05-17,11.3,9.688,0.266,18.63,18.936,14.84,2.403,270.3,5.978,13.396,27196.46
862,2023-05-18,11.32,9.656,0.2636,18.68,19.048,15.146,2.3895,273.6,5.901,13.34,27235.65
863,2023-05-19,11.235,9.784,0.2694,19.005,19.01,15.432,2.4165,275.9,6.009,13.45,27520.33
864,2023-05-22,11.2,9.93,0.273,18.045,19.102,15.322,2.341,278.8,6.039,13.27,27310.7
865,2023-05-23,11.02,9.902,0.275,18.105,19.126,15.238,2.342,269.5,6.031,13.364,27174.97
866,2023-05-24,10.47,9.638,0.2664,17.875,18.324,14.62,2.252,265.5,5.965,13.368,26524.54
867,2023-05-25,10.49,9.678,0.26,17.955,18.686,14.47,2.251,266.8,5.88,13.046,26408.0
868,2023-05-26,10.61,9.796,0.2585,17.945,18.708,14.772,2.245,271.7,5.954,13.192,26713.4
869,2023-05-29,10.64,9.77,0.2547,17.875,18.664,14.75,2.2255,270.0,5.957,13.216,26617.35
870,2023-05-30,10.455,9.77,0.252,17.875,18.574,14.7,2.21,270.3,6.012,12.906,26575.76
871,2023-05-31,10.03,9.696,0.2478,17.715,17.914,14.182,2.1555,266.6,5.858,12.45,26051.33
872,2023-06-01,10.33,9.76,0.2498,17.885,18.732,14.384,2.23,271.3,5.958,12.788,26575.69
873,2023-06-02,10.415,10.0,0.2523,18.14,18.858,14.786,2.2715,279.1,6.046,13.142,27068.33
874,2023-06-05,10.3,9.906,0.2477,18.05,18.418,14.816,2.259,278.2,5.997,13.102,26856.85
875,2023-06-06,10.23,9.942,0.2506,18.16,18.7,14.75,2.2855,278.2,6.05,12.984,27036.67
876,2023-06-07,10.01,10.0,0.2498,18.105,18.482,14.964,2.303,276.2,6.012,13.08,27055.5
877,2023-06-08,10.18,9.976,0.2507,18.3,18.658,15.18,2.324,276.6,6.074,13.116,27275.04
878,2023-06-09,10.31,9.904,0.2507,18.3,18.35,15.052,2.3095,276.4,6.073,12.984,27162.02
879,2023-06-12,10.385,9.99,0.2461,18.605,18.51,15.296,2.306,280.0,6.111,12.83,27410.47
880,2023-06-13,10.485,10.02,0.2465,18.8,18.516,15.562,2.312,279.5,6.07,12.96,27566.03
881,2023-06-14,10.3,10.095,0.2577,18.93,19.122,15.766,2.35,281.3,6.108,12.986,27809.09
882,2023-06-15,10.3,10.065,0.2574,18.91,18.846,15.732,2.358,280.6,6.098,13.05,27731.78
883,2023-06-16,10.5,10.08,0.259,18.695,19.258,15.858,2.373,281.3,6.111,12.978,27861.8
884,2023-06-19,10.585,9.648,0.2626,18.665,19.696,15.74,2.3945,281.2,6.098,12.99,27754.18
885,2023-06-20,10.62,9.55,0.2641,18.585,19.9,15.38,2.3865,280.3,6.101,12.816,27576.11
886,2023-06-21,10.615,9.518,0.267,18.465,20.55,15.366,2.406,281.0,6.044,13.066,27609.37
887,2023-06-22,10.65,9.48,0.2594,18.325,20.255,15.224,2.379,280.1,6.044,12.886,27410.08
888,2023-06-23,10.675,9.522,0.258,18.26,20.145,15.116,2.335,282.6,6.057,12.796,27209.66
889,2023-06-26,10.175,9.49,0.249,18.28,20.29,15.184,2.332,281.6,6.08,12.938,27242.91
890,2023-06-27,10.16,9.722,0.2507,18.385,20.58,15.314,2.3615,283.9,6.137,12.746,27401.09
891,2023-06-28,10.3,9.84,0.2595,18.35,20.57,15.47,2.3635,291.3,6.148,12.802,27637.46
892,2023-06-29,10.43,9.856,0.2576,18.56,21.12,16.02,2.386,296.0,6.137,12.888,27928.44
893,2023-06-30,10.395,9.916,0.2578,18.62,21.265,16.09,2.4,299.5,6.168,13.182,28230.83
894,2023-07-03,10.44,9.888,0.26,19.25,21.49,16.292,2.437,296.3,6.24,13.412,28446.9
895,2023-07-04,10.34,9.88,0.2625,19.165,21.13,16.256,2.4205,294.6,6.339,13.464,28386.88
896,2023-07-05,10.525,9.842,0.2612,18.915,21.35,16.16,2.409,295.8,6.21,13.37,28220.18
897,2023-07-06,10.385,9.698,0.254,18.465,20.845,15.878,2.3405,287.5,6.038,13.034,27506.91
898,2023-07-07,10.645,9.772,0.2541,18.445,21.28,16.208,2.349,288.2,6.097,13.052,27778.32
899,2023-07-10,10.87,9.782,0.2566,18.435,21.295,16.266,2.357,289.5,6.076,13.12,27872.0
900,2023-07-11,11.1,9.82,0.2563,18.575,21.28,16.344,2.3805,290.1,6.12,13.234,28061.59
901,2023-07-12,11.26,9.88,0.2603,18.8,21.68,16.728,2.408,289.6,6.23,13.534,28552.18
902,2023-07-13,11.3,9.97,0.261,18.88,21.95,16.812,2.444,288.8,6.33,13.62,28774.77
903,2023-07-14,11.295,9.952,0.2624,18.88,21.79,16.706,2.4305,292.9,6.238,13.426,28663.3
904,2023-07-17,11.58,9.936,0.2618,18.885,22.02,16.604,2.435,292.1,6.23,13.294,28608.54
905,2023-07-18,11.83,9.94,0.2628,18.9,22.07,16.604,2.466,289.0,6.277,13.43,28706.76
906,2023-07-19,11.68,9.968,0.2609,18.765,21.975,16.59,2.492,288.2,6.275,13.43,28712.31
907,2023-07-20,11.715,10.1,0.2635,19.0,22.205,16.66,2.522,286.0,6.294,13.54,28815.75
908,2023-07-21,11.515,10.11,0.2626,19.09,22.205,16.51,2.531,286.7,6.336,13.64,28855.09
909,2023-07-24,11.575,10.23,0.2649,19.1,22.38,16.776,2.536,287.0,6.195,13.808,28908.42
910,2023-07-25,11.595,10.335,0.2613,19.055,22.49,16.786,2.539,287.1,6.197,13.71,28966.41
911,2023-07-26,11.575,10.305,0.265,19.05,22.555,17.23,2.539,286.1,6.22,13.59,28980.45
912,2023-07-27,11.8,10.41,0.267,19.255,22.59,18.148,2.573,291.8,6.311,13.73,29597.81
913,2023-07-28,11.88,10.41,0.265,19.265,22.435,18.58,2.6095,292.2,6.275,13.658,29500.2
914,2023-07-31,12.315,10.395,0.2623,19.38,23.0,18.644,2.629,291.4,6.272,13.884,29644.71
915,2023-08-01,12.425,10.285,0.2663,19.135,22.62,18.294,2.609,289.9,6.21,13.776,29356.16
916,2023-08-02,12.56,10.06,0.265,18.73,22.285,18.056,2.563,289.0,6.076,13.534,28974.54
917,2023-08-03,12.55,10.055,0.2546,18.705,22.24,17.892,2.5455,288.1,6.006,13.666,28702.74
918,2023-08-04,12.91,10.11,0.2513,18.735,22.33,17.858,2.5435,285.4,5.943,13.724,28586.37
919,2023-08-07,13.31,10.075,0.2491,18.79,22.625,17.804,2.56,281.9,5.932,13.678,28547.61
920,2023-08-08,13.345,9.934,0.2545,18.66,21.28,17.554,2.338,282.6,5.923,13.626,27942.25
921,2023-08-09,13.32,10.09,0.269,18.445,22.21,17.396,2.3925,282.7,6.007,14.068,28308.09
922,2023-08-10,13.345,10.17,0.2764,18.38,22.35,17.45,2.438,288.5,6.096,14.126,28575.05
923,2023-08-11,13.185,10.135,0.276,18.465,22.15,16.85,2.4395,285.2,6.006,14.048,28274.74
924,2023-08-14,13.085,10.16,0.2819,18.64,22.32,16.898,2.445,288.1,6.054,14.014,28435.49
925,2023-08-16,12.87,10.04,0.2791,18.55,21.875,16.668,2.429,289.3,5.953,13.93,28169.96
926,2023-08-17,12.815,10.0,0.2775,18.465,21.78,16.476,2.4195,284.2,5.884,13.974,27879.35
927,2023-08-18,12.83,9.952,0.2771,18.405,21.58,16.354,2.411,279.6,5.924,14.034,27761.98
928,2023-08-21,12.93,10.02,0.2783,18.43,21.89,16.644,2.439,285.9,5.924,14.09,27986.92
929,2023-08-22,12.905,10.05,0.2762,18.5,22.02,16.716,2.4595,287.3,5.989,14.114,28164.99
930,2023-08-23,13.075,10.065,0.2773,18.55,21.92,16.734,2.455,287.2,6.063,14.074,28233.8
931,2023-08-24,13.0,10.055,0.2746,18.515,21.455,16.546,2.448,285.7,6.074,14.128,28072.12
932,2023-08-25,12.955,10.095,0.2745,18.61,21.75,16.72,2.4495,286.8,6.109,14.154,28208.45
933,2023-08-28,13.07,10.24,0.2837,18.77,22.17,16.932,2.477,289.0,6.13,14.298,28544.56
934,2023-08-29,13.11,10.325,0.284,19.05,22.6,17.22,2.4925,293.1,6.207,14.356,28889.76
935,2023-08-30,13.25,10.305,0.2859,19.175,22.7,17.166,2.502,294.2,6.185,14.368,28916.7
936,2023-08-31,13.315,10.255,0.2865,19.13,22.565,17.176,2.472,293.0,6.21,14.284,28831.52
937,2023-09-01,13.315,10.225,0.2944,19.05,22.345,16.8,2.4595,284.2,6.156,14.538,28650.49
938,2023-09-04,13.375,10.155,0.3046,19.01,22.43,16.816,2.4545,283.5,6.149,14.602,28647.33
939,2023-09-05,13.66,10.16,0.3047,18.91,22.035,16.906,2.4465,285.2,6.133,14.834,28652.18
940,2023-09-06,13.795,10.075,0.3036,18.765,20.935,16.92,2.3915,280.8,6.103,14.792,28211.46
941,2023-09-07,13.86,10.095,0.3099,19.02,20.71,16.952,2.385,278.8,6.209,14.74,28155.58
942,2023-09-08,13.74,10.11,0.3106,19.09,20.745,17.0,2.4135,279.3,6.191,14.798,28233.2
943,2023-09-11,13.86,10.135,0.3126,19.35,21.1,17.376,2.48,280.4,6.21,15.052,28525.1
944,2023-09-12,13.805,10.07,0.3148,19.475,21.17,17.826,2.4755,279.3,6.199,15.102,28584.58
945,2023-09-13,13.81,10.065,0.314,19.495,21.2,17.768,2.4625,278.2,6.126,15.122,28481.77
946,2023-09-14,13.765,10.295,0.3108,19.81,21.705,17.574,2.475,282.0,6.322,15.37,28872.73
947,2023-09-15,13.98,10.18,0.3144,19.825,21.685,17.906,2.469,284.0,6.285,15.336,28895.39
948,2023-09-18,13.86,10.12,0.3101,19.66,21.645,17.786,2.43,279.8,6.236,14.974,28585.86
949,2023-09-19,14.08,10.115,0.32,19.925,22.055,18.052,2.4415,281.5,6.225,15.3,28757.63
950,2023-09-20,14.03,10.22,0.325,20.0,23.1,18.616,2.5135,287.2,6.275,15.236,29229.3
951,2023-09-21,13.75,10.085,0.3194,19.84,23.665,18.162,2.493,273.8,6.087,15.016,28708.55
952,2023-09-22,13.605,10.04,0.3248,19.685,23.345,18.286,2.461,273.0,6.045,15.238,28575.9
953,2023-09-25,13.625,10.015,0.3144,19.505,23.115,18.068,2.4595,272.7,5.975,15.218,28382.19
954,2023-09-26,13.47,9.926,0.3065,19.555,22.56,17.982,2.426,271.1,5.948,15.178,28098.88
955,2023-09-27,13.675,9.866,0.3021,19.355,22.595,17.858,2.423,272.7,5.851,15.372,28012.3
956,2023-09-28,13.77,9.88,0.2945,19.44,22.5,18.164,2.4495,278.3,5.788,15.42,28163.03
957,2023-09-29,13.66,9.968,0.2961,19.365,22.73,18.21,2.44,279.7,5.82,15.256,28243.26
958,2023-10-02,13.54,9.676,0.297,19.075,22.055,18.1,2.411,282.8,5.661,14.9,27849.65
959,2023-10-03,13.48,9.55,0.292,18.99,21.675,17.806,2.386,281.2,5.517,14.728,27482.21
960,2023-10-04,13.2,9.568,0.2898,18.76,21.545,17.726,2.3625,283.2,5.557,14.498,27435.59
961,2023-10-05,13.08,9.548,0.282,18.605,21.835,17.822,2.364,282.8,5.554,14.44,27490.81
962,2023-10-06,12.94,9.636,0.2654,18.75,22.46,17.998,2.4015,286.2,5.601,14.64,27810.61
963,2023-10-09,13.56,9.542,0.2607,18.57,22.14,17.998,2.3765,283.0,5.604,14.972,27682.06
964,2023-10-10,13.745,9.762,0.273,19.05,22.815,18.556,2.425,291.3,5.711,15.15,28318.22
965,2023-10-11,13.95,9.82,0.2716,19.045,22.95,18.938,2.443,291.6,5.781,15.086,28419.06
966,2023-10-12,14.31,9.834,0.2704,19.225,22.925,18.908,2.4475,295.0,5.754,15.296,28493.35
967,2023-10-13,13.96,9.748,0.2744,19.09,22.425,18.83,2.406,297.2,5.723,15.498,28237.02
968,2023-10-16,14.27,9.872,0.2573,19.17,23.005,18.7,2.4165,298.4,5.744,15.48,28391.6
969,2023-10-17,14.395,9.898,0.2668,19.15,23.02,18.894,2.428,293.6,5.742,15.532,28367.36
970,2023-10-18,14.35,9.686,0.2688,18.97,22.79,18.772,2.4,288.7,5.701,15.64,28135.79
971,2023-10-19,14.0,9.522,0.2671,18.58,22.505,18.086,2.375,285.1,5.682,15.452,27746.82
972,2023-10-20,13.865,9.188,0.2573,18.145,22.125,17.648,2.344,284.4,5.647,15.398,27357.0
973,2023-10-23,13.675,9.166,0.2505,18.255,22.69,18.022,2.3735,286.1,5.691,15.436,27558.78
974,2023-10-24,13.895,9.17,0.2491,18.39,22.995,17.726,2.3615,284.9,5.773,15.406,27572.74
975,2023-10-25,14.055,9.1,0.239,18.38,22.495,17.778,2.356,284.5,5.752,15.42,27428.6
976,2023-10-26,14.05,9.23,0.2408,18.475,22.825,17.672,2.37,283.0,5.779,15.482,27507.9
977,2023-10-27,13.85,9.142,0.2412,18.41,23.08,17.318,2.3775,282.6,5.755,15.51,27287.45
978,2023-10-30,14.175,9.198,0.2417,18.545,23.49,17.04,2.4015,281.8,5.886,15.364,27339.91
979,2023-10-31,14.235,9.34,0.2441,18.745,23.625,17.6,2.4565,285.5,5.988,15.428,27741.91
980,2023-11-01,14.465,9.322,0.2531,18.915,23.915,17.942,2.491,287.2,6.033,15.48,27985.44
981,2023-11-02,14.42,9.434,0.2587,19.045,23.5,18.336,2.524,303.3,6.114,15.704,28479.39
982,2023-11-03,14.34,9.53,0.2597,19.015,23.43,18.696,2.5635,308.7,6.16,15.366,28674.83
983,2023-11-06,14.205,9.582,0.251,18.89,23.435,18.326,2.566,311.9,6.146,15.404,28592.6
984,2023-11-07,14.15,9.676,0.2493,18.825,23.56,18.086,2.564,310.9,6.119,15.012,28395.9
985,2023-11-08,14.18,9.882,0.2514,18.85,23.76,18.312,2.5685,314.3,6.088,14.826,28433.33
986,2023-11-09,14.205,9.998,0.2534,18.965,23.94,18.126,2.578,316.0,6.156,14.936,28644.09
987,2023-11-10,14.87,9.882,0.2525,19.105,23.865,17.982,2.566,314.7,6.129,14.998,28504.43
988,2023-11-13,14.83,10.03,0.2606,19.395,24.645,18.314,2.6025,321.0,6.184,15.232,28925.26
989,2023-11-14,14.395,10.12,0.2628,19.6,24.695,18.672,2.6295,324.0,6.275,15.25,29344.43
990,2023-11-15,14.355,10.135,0.2632,19.655,24.685,18.878,2.6455,325.4,6.249,15.19,29466.93
991,2023-11-16,14.38,10.065,0.2599,19.585,24.76,18.498,2.6465,325.3,6.302,14.86,29258.1
992,2023-11-17,14.655,10.17,0.2592,19.46,25.035,18.47,2.6845,329.6,6.405,15.012,29498.43
993,2023-11-20,14.92,9.97,0.2619,19.23,25.21,18.894,2.5625,332.0,6.49,15.008,29541.9
994,2023-11-21,14.665,9.88,0.2531,19.035,24.815,18.556,2.5255,330.1,6.416,14.934,29153.42
995,2023-11-22,14.39,9.83,0.2561,18.895,24.725,18.564,2.541,335.3,6.391,14.724,29154.91
996,2023-11-23,14.51,9.836,0.2561,18.905,25.07,18.672,2.5595,332.1,6.382,14.936,29235.71
997,2023-11-24,14.52,9.874,0.26,19.07,25.12,18.798,2.5995,336.0,6.414,15.068,29432.3
998,2023-11-27,14.01,9.762,0.2668,19.04,24.795,18.748,2.6,337.1,6.432,15.03,29342.29
999,2023-11-28,14.17,9.828,0.2653,19.01,24.755,18.73,2.6245,336.4,6.442,15.198,29376.74
1000,2023-11-29,14.125,9.814,0.2634,18.97,25.325,19.714,2.6465,335.4,6.433,15.108,29688.45
1001,2023-11-30,14.07,9.876,0.2666,19.005,24.985,19.902,2.6415,330.6,6.486,15.168,29737.38
1002,2023-12-01,14.335,9.92,0.2666,18.955,25.18,20.105,2.666,328.8,6.507,15.25,29928.45
1003,2023-12-04,14.13,9.944,0.265,18.845,25.31,20.305,2.695,326.9,6.535,14.96,29914.09
1004,2023-12-05,13.905,9.966,0.2639,18.94,25.265,20.465,2.6835,335.3,6.55,15.09,30082.88
1005,2023-12-06,13.915,10.015,0.2633,19.075,25.565,21.06,2.7055,337.1,6.548,14.912,30326.29
1006,2023-12-07,13.58,9.974,0.2633,19.115,25.03,20.915,2.6775,337.0,6.542,14.77,30121.77
1007,2023-12-08,13.85,10.035,0.2658,19.14,25.3,21.025,2.7,340.7,6.566,15.01,30403.9
1008,2023-12-11,13.815,10.085,0.2633,19.145,25.3,21.01,2.691,343.8,6.517,14.984,30426.58
1009,2023-12-12,13.84,10.085,0.2586,19.235,25.04,20.97,2.682,342.5,6.55,14.804,30342.15
1010,2023-12-13,14.43,10.045,0.2491,19.215,24.98,20.91,2.6805,339.0,6.612,14.75,30295.69
1011,2023-12-14,14.435,10.12,0.2626,19.035,23.85,21.26,2.6215,331.2,6.722,14.848,30359.06
1012,2023-12-15,14.78,10.225,0.2688,19.095,23.685,21.545,2.635,327.5,6.67,14.814,30373.89
1013,2023-12-18,14.56,10.2,0.2809,19.09,24.12,21.515,2.625,316.3,6.663,14.992,30241.02
1014,2023-12-19,14.705,10.18,0.2799,19.19,24.33,21.285,2.652,317.0,6.7,15.026,30363.53
1015,2023-12-20,14.62,10.275,0.296,19.19,24.33,21.24,2.637,314.3,6.668,15.204,30361.21
1016,2023-12-21,14.685,10.23,0.3009,19.085,24.34,21.245,2.63,306.6,6.674,15.2,30274.26
1017,2023-12-22,14.75,10.265,0.3001,19.16,24.42,21.225,2.647,304.9,6.719,15.288,30353.29
1018,2023-12-27,14.875,10.3,0.3007,19.245,24.45,21.23,2.6565,304.4,6.721,15.436,30421.51
1019,2023-12-28,14.95,10.26,0.2994,19.09,24.39,21.185,2.6425,304.4,6.709,15.358,30331.17
1020,2023-12-29,14.935,10.275,0.2942,19.105,24.565,21.15,2.6435,305.2,6.73,15.348,30351.62
1021,2024-01-02,15.24,10.37,0.2993,19.36,25.03,21.175,2.6945,307.4,6.709,15.556,30524.63
1022,2024-01-03,15.445,10.185,0.2897,19.34,24.85,20.45,2.692,305.7,6.626,15.438,30100.84
1023,2024-01-04,16.33,10.275,0.2923,19.76,25.615,20.425,2.7545,306.8,6.724,15.52,30403.96
1024,2024-01-05,16.205,10.26,0.2933,19.74,25.79,20.51,2.7875,305.6,6.691,15.54,30440.95
1025,2024-01-08,16.37,10.29,0.2909,19.795,25.99,20.67,2.7955,311.1,6.709,15.08,30569.92
1026,2024-01-09,16.46,10.27,0.2903,19.68,25.555,20.555,2.757,313.4,6.699,14.924,30408.78
1027,2024-01-10,16.635,10.205,0.286,19.735,25.865,20.78,2.7485,316.9,6.737,14.884,30450.78
1028,2024-01-11,16.96,10.095,0.284,19.72,25.615,20.61,2.727,317.9,6.672,14.812,30249.16
1029,2024-01-12,17.275,10.145,0.2836,19.7,25.655,20.455,2.727,319.3,6.79,15.042,30470.55
1030,2024-01-15,17.04,10.15,0.2816,19.8,25.6,20.135,2.723,313.3,6.807,14.996,30327.72
1031,2024-01-16,17.095,10.115,0.2834,20.06,25.805,19.916,2.716,319.1,6.75,14.932,30337.62
1032,2024-01-17,17.05,10.075,0.2859,20.14,25.895,19.638,2.7285,316.2,6.636,14.652,30098.86
1033,2024-01-18,16.88,10.155,0.2818,20.42,26.6,19.838,2.75,319.7,6.622,14.608,30350.53
1034,2024-01-19,16.44,10.105,0.2831,20.33,26.44,19.67,2.7555,319.5,6.662,14.45,30283.61
1035,2024-01-22,16.5,10.215,0.2868,20.47,26.55,19.7,2.768,312.4,6.383,14.34,30182.32
1036,2024-01-23,16.135,10.205,0.2897,20.39,26.485,19.566,2.772,305.8,6.334,14.358,30077.46
1037,2024-01-24,16.36,10.31,0.2842,20.41,26.995,19.564,2.8345,309.2,6.316,14.49,30338.35
1038,2024-01-25,16.4,10.27,0.2825,20.35,26.52,19.422,2.808,306.3,6.296,14.566,30157.8
1039,2024-01-26,16.125,10.315,0.2861,20.43,26.69,19.524,2.811,313.2,6.271,14.756,30379.33
1040,2024-01-29,16.2,10.055,0.2788,20.52,26.675,19.474,2.782,315.9,6.223,14.92,30233.61
1041,2024-01-30,16.235,9.996,0.273,20.55,27.035,20.22,2.877,322.9,6.256,14.924,30623.27
1042,2024-01-31,16.205,10.065,0.2789,20.69,27.16,20.495,2.863,323.7,6.341,14.814,30744.24
1043,2024-02-01,16.015,9.996,0.2782,20.48,26.505,20.77,2.803,353.5,6.204,14.798,30689.11
1044,2024-02-02,15.995,10.07,0.2842,20.61,26.665,21.25,2.8,347.5,6.182,14.586,30717.95
1045,2024-02-05,16.245,10.07,0.2721,20.61,28.825,21.075,2.8655,346.2,6.127,14.374,30952.79
1046,2024-02-06,16.85,10.09,0.2717,20.62,28.77,21.45,2.902,351.4,6.076,14.602,31116.75
1047,2024-02-07,16.665,9.934,0.2679,20.54,28.665,21.675,2.84,355.5,6.03,14.37,30976.02
1048,2024-02-08,16.46,9.862,0.2649,20.59,28.815,22.135,2.817,355.0,5.953,14.366,31064.15
1049,2024-02-09,17.01,9.792,0.2664,20.4,29.055,22.465,2.7855,362.4,5.874,14.294,31156.06
1050,2024-02-12,17.205,9.92,0.2742,20.55,29.57,22.64,2.8235,360.4,5.917,14.438,31456.73
1051,2024-02-13,17.245,9.858,0.2698,20.55,29.39,22.39,2.806,354.0,5.883,14.47,31134.17
1052,2024-02-14,18.29,9.95,0.275,20.54,29.765,22.575,2.8155,355.5,5.914,14.502,31329.38
1053,2024-02-15,18.58,10.035,0.276,20.71,29.63,23.87,2.8285,359.6,5.925,14.604,31694.44
1054,2024-02-16,18.77,10.035,0.2781,20.87,29.79,23.775,2.825,363.0,5.874,14.154,31732.39
1055,2024-02-19,19.19,10.1,0.2945,20.8,29.81,23.615,2.839,361.6,5.861,14.17,31676.05
1056,2024-02-20,19.15,10.11,0.2875,20.93,29.95,23.4,2.8495,362.5,5.903,14.132,31701.48
1057,2024-02-21,19.03,10.175,0.2854,21.19,30.445,23.54,2.8855,368.9,5.957,14.302,32018.4
1058,2024-02-22,19.08,10.25,0.2847,21.44,30.46,24.23,2.8965,380.2,5.933,14.23,32356.26
1059,2024-02-23,19.0,10.3,0.2853,22.14,31.01,24.61,2.939,386.0,5.958,14.256,32700.92
1060,2024-02-26,19.98,10.31,0.2839,22.14,30.825,24.305,2.9545,384.4,5.876,14.252,32557.81
1061,2024-02-27,19.51,10.46,0.2856,21.92,30.765,24.245,2.9525,389.2,5.94,14.38,32706.44
1062,2024-02-28,19.64,10.515,0.2856,21.89,31.0,24.365,2.95,394.7,5.853,14.356,32617.96
1063,2024-02-29,19.755,10.84,0.2781,21.92,30.91,24.135,2.938,389.9,5.883,14.248,32580.94
1064,2024-03-01,20.24,11.285,0.284,21.95,30.995,24.435,3.0045,392.3,5.892,14.328,32934.29
1065,2024-03-04,20.54,11.215,0.2826,21.99,31.305,24.625,3.0,381.0,5.903,14.388,32912.34
1066,2024-03-05,20.71,11.285,0.2794,22.17,31.41,24.73,3.0605,380.5,6.038,14.508,33146.16
1067,2024-03-06,20.88,11.39,0.2779,22.16,31.365,25.0,3.103,380.4,6.101,14.628,33363.84
1068,2024-03-07,20.77,11.46,0.2118,22.07,31.37,25.18,3.087,383.3,6.139,14.632,33418.68
1069,2024-03-08,20.69,11.505,0.222,22.22,30.785,25.105,3.1025,387.3,6.13,14.702,33403.8
1070,2024-03-11,19.85,11.57,0.2118,22.3,31.03,25.295,3.071,380.5,6.156,14.558,33315.07
1071,2024-03-12,20.01,11.625,0.2108,22.42,31.74,25.765,3.142,387.7,6.151,14.692,33753.12
1072,2024-03-13,20.7,11.645,0.2123,22.64,32.15,25.435,3.183,387.4,6.209,14.978,33885.43
1073,2024-03-14,21.36,11.71,0.2197,22.66,32.205,25.37,3.171,386.5,6.129,14.522,33786.18
1074,2024-03-15,21.28,11.72,0.2182,22.73,32.9,26.03,3.2275,388.2,6.131,14.506,33940.03
1075,2024-03-18,21.76,11.78,0.2185,22.75,33.17,26.15,3.229,393.6,6.074,14.216,33940.96
1076,2024-03-19,22.11,11.93,0.2192,22.95,33.87,26.61,3.276,398.4,6.076,14.556,34262.36
1077,2024-03-20,22.22,11.47,0.2233,22.98,33.91,26.66,3.271,399.2,6.103,14.326,34293.29
1078,2024-03-21,22.01,11.495,0.2143,23.17,33.91,26.915,3.293,399.2,6.07,14.36,34327.95
1079,2024-03-22,22.36,11.44,0.2152,23.2,33.595,26.935,3.295,401.5,6.081,14.354,34343.61
1080,2024-03-25,22.97,11.455,0.2242,23.46,34.08,27.155,3.3215,406.0,6.067,14.554,34639.41
1081,2024-03-26,23.04,11.555,0.2277,23.54,34.52,26.58,3.3455,405.7,6.084,14.55,34688.17
1082,2024-03-27,22.96,11.565,0.2245,23.67,34.42,26.685,3.348,406.2,6.168,14.57,34759.69
1083,2024-03-28,23.28,11.605,0.2251,23.46,35.175,26.345,3.363,404.0,6.119,14.648,34750.35
1084,2024-04-02,22.98,11.53,0.2215,23.42,35.15,25.48,3.3475,391.3,5.988,15.03,34325.23
1085,2024-04-03,23.29,11.53,0.233,23.42,35.65,25.015,3.403,388.1,5.99,15.176,34480.87
1086,2024-04-04,23.08,11.665,0.2285,23.16,35.45,25.05,3.385,387.1,6.046,15.348,34454.58
1087,2024-04-05,23.27,11.52,0.2256,22.94,34.9,24.6,3.329,387.5,5.907,15.508,34010.88
1088,2024-04-08,23.7,11.685,0.2323,23.12,35.385,24.895,3.356,390.8,5.899,15.514,34315.96
1089,2024-04-09,21.58,11.525,0.2356,22.79,34.52,25.075,3.3115,385.5,5.825,15.446,33946.29
1090,2024-04-10,21.63,11.72,0.2337,22.82,34.95,25.23,3.35,390.6,5.699,15.376,34039.63
1091,2024-04-11,21.71,11.64,0.2303,22.65,33.97,25.21,3.282,389.9,5.707,15.318,33713.94
1092,2024-04-12,22.12,11.575,0.2282,22.76,34.045,24.385,3.29,387.6,5.873,15.73,33764.15
1093,2024-04-15,22.63,11.66,0.2261,22.66,34.35,24.995,3.3265,389.9,5.848,15.534,33954.28
1094,2024-04-16,22.67,11.5,0.223,22.36,33.645,24.25,3.252,387.4,5.794,15.2,33393.85
1095,2024-04-17,22.29,11.485,0.2231,22.47,34.385,24.27,3.299,390.5,5.786,15.33,33632.71
1096,2024-04-18,21.97,11.655,0.219,22.53,35.08,24.35,3.3495,391.6,5.872,15.23,33881.5
1097,2024-04-19,21.68,11.65,0.2218,22.67,35.275,24.23,3.377,387.2,5.955,15.258,33922.16
1098,2024-04-22,21.75,11.73,0.224,22.77,34.13,23.135,3.4285,382.8,6.049,15.34,33724.82
1099,2024-04-23,22.23,11.925,0.228,23.09,35.33,23.305,3.5195,394.8,6.12,15.52,34363.75
1100,2024-04-24,21.98,11.795,0.2254,23.03,34.985,23.275,3.517,393.4,6.088,15.236,34271.12
1101,2024-04-25,21.42,11.73,0.2224,22.76,34.785,22.89,3.503,386.2,6.06,15.254,33939.75
1102,2024-04-26,21.76,11.8,0.2226,22.8,35.48,23.045,3.55,394.5,6.13,15.26,34249.77
1103,2024-04-29,22.09,11.945,0.2261,22.93,35.07,23.225,3.543,392.7,6.2,15.274,34296.31
1104,2024-04-30,21.63,11.92,0.2229,22.9,34.58,20.88,3.526,387.2,6.181,15.136,33746.66
1105,2024-05-02,21.53,11.93,0.2218,23.2,34.9,19.98,3.574,395.1,6.242,14.824,33736.4
1106,2024-05-03,21.81,11.91,0.2262,23.01,34.195,20.33,3.462,399.1,6.25,14.708,33629.21
1107,2024-05-06,22.46,12.09,0.2259,23.34,34.84,20.23,3.563,397.6,6.325,14.854,33986.9
1108,2024-05-07,21.46,12.36,0.2242,23.94,36.09,20.2,3.5985,378.8,6.384,14.968,34242.49
1109,2024-05-08,22.05,12.315,0.2223,23.9,35.965,19.8,3.5935,378.4,6.446,14.936,34151.41
1110,2024-05-09,22.1,12.265,0.2251,24.08,35.995,20.23,3.5795,377.7,6.508,15.032,34339.32
1111,2024-05-10,22.76,12.305,0.2262,24.4,36.025,20.28,3.6005,374.5,6.755,15.18,34657.35
1112,2024-05-13,22.0,12.295,0.2324,24.49,35.88,21.03,3.6265,378.1,6.752,15.238,34815.91
1113,2024-05-14,21.93,12.55,0.2375,24.68,36.42,21.47,3.703,380.6,6.714,15.176,35151.42
1114,2024-05-15,22.5,12.385,0.2428,24.6,36.28,21.375,3.727,381.3,6.842,15.112,35366.2
1115,2024-05-16,23.22,12.4,0.2458,24.84,36.31,21.17,3.733,386.8,6.819,14.78,35410.13
1116,2024-05-17,23.28,12.365,0.246,24.88,36.28,20.79,3.769,388.2,6.8,14.828,35398.82
1117,2024-05-20,23.6,12.43,0.248,23.84,36.32,20.675,3.559,384.1,6.761,14.66,34825.01
1118,2024-05-21,23.4,12.385,0.2452,23.47,36.5,20.435,3.55,384.0,6.735,14.588,34603.61
1119,2024-05-22,23.46,12.335,0.2468,23.25,35.95,20.395,3.5395,384.5,6.674,14.45,34460.52
1120,2024-05-23,23.58,12.42,0.2465,23.37,36.145,20.36,3.544,384.6,6.606,14.488,34467.67
1121,2024-05-24,23.47,12.63,0.2463,23.38,36.21,20.55,3.551,384.1,6.556,14.384,34490.71
1122,2024-05-27,23.8,12.61,0.2519,23.53,36.44,20.855,3.564,386.7,6.661,14.582,34761.97
1123,2024-05-28,23.53,12.59,0.2505,23.54,36.485,20.7,3.6065,379.0,6.66,14.558,34659.55
1124,2024-05-29,23.06,12.55,0.2452,23.34,36.005,20.33,3.532,374.6,6.57,14.386,34150.54
1125,2024-05-30,23.09,12.53,0.249,23.49,36.425,20.475,3.613,376.8,6.62,14.368,34447.57
1126,2024-05-31,23.57,12.6,0.242,23.6,36.385,20.2,3.606,377.4,6.656,14.496,34492.41
1127,2024-06-03,24.14,12.865,0.252,23.64,36.82,20.14,3.64,375.5,6.75,14.418,34670.06
1128,2024-06-04,23.69,12.79,0.2465,23.65,35.29,19.926,3.5475,378.2,6.736,14.014,34276.02
1129,2024-06-05,23.8,12.955,0.2413,23.84,35.595,20.18,3.543,385.3,6.813,13.946,34507.84
1130,2024-06-06,23.74,12.79,0.2393,23.94,36.5,20.31,3.601,388.2,6.798,14.07,34834.3
1131,2024-06-07,24.17,12.795,0.2367,23.79,36.57,20.19,3.587,382.8,6.71,13.992,34660.38
1132,2024-06-10,24.4,12.755,0.2306,23.63,36.255,20.255,3.568,384.2,6.679,14.108,34542.01
1133,2024-06-11,23.31,12.55,0.2276,23.24,34.895,20.075,3.4765,382.9,6.568,13.988,33874.48
1134,2024-06-12,22.86,12.575,0.2228,23.54,35.685,20.22,3.5305,394.4,6.641,13.942,34358.83
1135,2024-06-13,22.36,12.39,0.2242,23.23,34.445,19.66,3.415,387.1,6.554,13.718,33609.85
1136,2024-06-14,21.18,12.175,0.2238,22.59,32.535,18.82,3.33,379.7,6.337,13.508,32665.21
1137,2024-06-17,21.79,12.365,0.2264,22.8,33.155,18.984,3.3655,385.3,6.319,13.534,32908.05
1138,2024-06-18,22.41,12.42,0.2295,23.06,34.09,19.026,3.419,383.7,6.45,13.784,33315.68
1139,2024-06-19,22.64,12.425,0.2244,23.06,34.07,18.98,3.46,385.6,6.4,13.898,33220.31
1140,2024-06-20,22.84,12.62,0.2298,23.33,34.8,19.074,3.4935,391.1,6.489,14.132,33675.15
1141,2024-06-21,22.47,12.565,0.2243,23.23,34.055,19.032,3.453,386.1,6.469,13.936,33308.77
1142,2024-06-24,22.29,12.035,0.2311,23.66,35.365,19.386,3.532,393.7,6.542,14.124,33834.91
1143,2024-06-25,21.64,12.085,0.225,23.55,34.915,19.37,3.5165,396.4,6.578,14.236,33707.21
1144,2024-06-26,21.45,11.945,0.2247,23.35,34.79,19.342,3.5265,389.3,6.548,14.24,33541.98
1145,2024-06-27,21.42,12.01,0.2244,23.3,34.56,18.544,3.4645,383.4,6.497,14.314,33186.89
1146,2024-06-28,21.68,11.895,0.2235,23.29,34.605,18.47,3.471,380.7,6.494,14.354,33154.05
1147,2024-07-01,21.82,12.23,0.226,23.93,36.205,18.634,3.5815,382.2,6.607,14.532,33716.54
1148,2024-07-02,21.56,12.075,0.231,23.65,35.72,18.208,3.53,381.4,6.585,14.528,33481.4
1149,2024-07-03,22.38,12.065,0.2332,23.76,36.355,18.316,3.564,388.5,6.633,14.462,33844.95
1150,2024-07-04,22.86,12.14,0.2369,23.94,37.025,18.298,3.5795,393.3,6.649,14.606,34106.01
1151,2024-07-05,22.45,11.99,0.2296,23.78,37.015,18.108,3.5495,387.9,6.706,14.454,33987.67
1152,2024-07-08,22.23,12.095,0.2283,23.93,37.13,18.02,3.566,396.5,6.674,14.302,34046.54
1153,2024-07-09,22.45,11.995,0.2263,23.5,36.725,18.068,3.553,395.3,6.649,14.112,33864.47
1154,2024-07-10,23.03,12.12,0.2373,23.64,37.11,18.48,3.5745,399.6,6.732,14.18,34306.4
1155,2024-07-11,22.96,12.14,0.2408,23.57,36.635,18.564,3.591,393.9,6.789,14.2,34318.11
1156,2024-07-12,22.94,12.245,0.2402,23.55,37.115,18.64,3.6195,398.4,6.885,14.294,34580.52
1157,2024-07-15,23.24,12.16,0.2393,23.4,37.14,18.656,3.608,393.8,6.791,14.238,34375.92
1158,2024-07-16,23.35,12.16,0.2395,23.39,37.42,18.492,3.623,391.9,6.741,14.012,34369.19
1159,2024-07-17,22.81,12.105,0.2412,23.42,37.64,18.658,3.648,385.4,6.768,14.134,34379.64
1160,2024-07-18,22.73,12.16,0.2442,23.55,37.655,19.006,3.6675,386.7,6.8,14.29,34529.13
1161,2024-07-19,22.77,12.095,0.2442,23.31,37.52,18.584,3.645,383.7,6.746,14.08,34215.84
1162,2024-07-22,23.05,12.22,0.2325,23.47,38.655,18.814,3.715,388.2,6.564,14.072,34615.05
1163,2024-07-23,23.08,12.325,0.2258,23.63,39.02,18.378,3.744,390.3,6.585,14.026,34637.75
1164,2024-07-24,22.15,12.21,0.2254,23.49,39.1,18.26,3.725,382.3,6.631,14.058,34471.65
1165,2024-07-25,21.28,12.17,0.2273,23.58,38.05,16.674,3.6995,375.5,6.66,14.02,33771.07
1166,2024-07-26,21.93,12.125,0.2285,23.81,37.84,16.166,3.7045,380.5,6.67,14.488,33812.44
1167,2024-07-29,22.24,12.16,0.2284,23.76,37.89,15.628,3.6675,377.0,6.65,14.63,33640.83
1168,2024-07-30,22.64,12.685,0.2307,24.11,38.34,15.486,3.7975,382.0,6.63,14.64,33908.02
1169,2024-07-31,22.01,12.515,0.2267,23.93,37.955,15.404,3.7505,380.4,6.594,14.798,33763.86
1170,2024-08-01,21.6,12.13,0.2287,23.44,35.79,15.19,3.6035,389.9,6.518,14.55,32857.43
1171,2024-08-02,20.8,11.835,0.2171,22.73,34.0,14.684,3.4445,392.8,6.486,14.216,32018.82
1172,2024-08-05,20.8,11.53,0.2104,22.05,33.135,14.304,3.411,387.9,6.297,13.934,31293.52
1173,2024-08-06,21.01,11.56,0.2116,21.9,32.6,14.17,3.362,382.0,6.298,13.922,31107.13
1174,2024-08-07,21.36,11.855,0.2177,22.33,34.16,14.238,3.455,389.0,6.43,14.216,31831.64
1175,2024-08-08,21.16,11.775,0.2169,22.58,34.18,14.238,3.4435,383.7,6.428,14.268,31741.91
1176,2024-08-09,21.65,11.885,0.2199,22.15,34.445,14.064,3.452,385.7,6.409,14.302,31782.23
1177,2024-08-12,21.91,11.89,0.2211,22.45,34.57,13.98,3.4705,385.7,6.438,14.456,31928.32
1178,2024-08-13,21.83,11.905,0.2179,22.46,34.635,13.878,3.4645,390.4,6.505,14.354,32006.45
1179,2024-08-14,22.52,12.06,0.2254,22.68,35.05,14.096,3.489,406.0,6.489,14.326,32328.03
1180,2024-08-16,22.62,12.31,0.2272,23.24,36.34,14.366,3.597,418.5,6.57,14.498,33040.81
1181,2024-08-19,22.44,12.415,0.2361,23.45,36.67,14.732,3.614,419.2,6.591,14.618,33266.32
1182,2024-08-20,22.06,12.28,0.2337,23.61,35.845,14.734,3.5945,420.7,6.579,14.494,33075.62
1183,2024-08-21,22.08,12.37,0.232,23.7,35.775,14.878,3.616,431.4,6.603,14.516,33312.41
1184,2024-08-22,22.05,12.405,0.2317,23.78,36.145,14.736,3.622,431.1,6.607,14.402,33310.93
1185,2024-08-23,22.22,12.495,0.2328,24.02,36.545,14.966,3.6775,431.0,6.714,14.598,33650.17
1186,2024-08-26,22.12,12.49,0.2377,24.04,36.415,14.934,3.663,430.4,6.709,14.736,33604.8
1187,2024-08-27,22.25,12.46,0.2373,24.3,36.485,15.02,3.7,437.7,6.771,14.702,33778.8
1188,2024-08-28,22.74,12.525,0.2383,24.55,36.55,14.988,3.7015,437.3,6.83,14.672,33880.05
1189,2024-08-29,22.99,12.54,0.2351,24.84,36.905,15.146,3.7285,445.4,6.846,14.806,34192.06
1190,2024-08-30,22.96,12.55,0.2392,24.88,37.38,15.138,3.7645,447.2,6.864,14.674,34372.67
1191,2024-09-02,21.3,12.47,0.2351,25.0,37.515,15.02,3.7735,446.0,6.888,14.7,34320.6
1192,2024-09-03,20.92,12.355,0.2291,24.87,36.77,14.606,3.7115,443.8,6.893,14.33,33863.43
1193,2024-09-04,20.73,12.305,0.2344,24.72,36.76,14.534,3.714,438.5,6.882,14.164,33682.26
1194,2024-09-05,20.7,12.35,0.2388,24.97,36.83,14.294,3.751,428.2,6.995,14.2,33684.8
1195,2024-09-06,20.38,12.29,0.2323,24.98,36.225,14.06,3.6665,425.3,7.051,13.988,33291.39
1196,2024-09-09,20.39,12.475,0.2311,25.29,36.605,14.064,3.7265,428.0,7.054,14.08,33590.34
1197,2024-09-10,20.31,12.45,0.2263,24.98,36.075,13.68,3.689,424.7,7.082,13.762,33213.29
1198,2024-09-11,20.21,12.545,0.2252,24.97,36.155,13.62,3.6955,423.2,7.054,13.732,33174.42
1199,2024-09-12,20.58,12.595,0.2404,24.92,37.195,13.512,3.734,425.8,7.082,13.85,33453.78
1200,2024-09-13,20.8,12.625,0.2462,25.17,36.905,13.614,3.755,425.4,7.118,14.008,33568.47
1201,2024-09-16,20.78,12.675,0.2494,25.98,37.1,13.59,3.739,416.8,7.132,14.114,33569.98
1202,2024-09-17,19.85,12.67,0.2497,25.8,37.46,13.642,3.765,419.0,7.184,14.22,33780.28
1203,2024-09-18,20.19,12.29,0.2572,25.8,37.435,13.664,3.768,411.7,7.094,14.25,33655.49
1204,2024-09-19,20.92,12.37,0.2551,25.88,37.9,13.95,3.802,427.3,6.973,14.454,34044.86
1205,2024-09-20,20.86,12.39,0.24,25.87,37.995,13.47,3.825,420.1,6.99,14.282,33762.25
1206,2024-09-23,20.81,12.375,0.2421,25.99,36.735,13.778,3.753,430.2,7.06,14.102,33679.8
1207,2024-09-24,20.77,12.45,0.2444,25.98,37.26,13.994,3.7775,428.3,7.113,14.162,33881.26
1208,2024-09-25,20.87,12.48,0.2426,25.93,37.87,13.784,3.7775,423.0,7.098,13.996,33840.54
1209,2024-09-26,20.57,12.605,0.2449,25.95,39.7,13.992,3.876,428.5,7.156,13.57,34409.34
1210,2024-09-27,20.41,12.655,0.2476,26.13,39.98,14.55,3.8705,424.8,7.213,13.67,34727.4
1211,2024-09-30,20.02,12.59,0.2495,25.95,39.365,12.408,3.8375,419.7,7.175,13.682,34125.26
1212,2024-10-01,20.36,12.565,0.2466,25.89,38.28,12.428,3.7355,413.9,7.221,13.89,33771.08
1213,2024-10-02,21.1,12.67,0.2471,25.78,37.69,12.408,3.716,415.0,7.112,14.118,33675.26
1214,2024-10-03,20.56,12.41,0.2511,25.16,37.7,11.912,3.686,406.5,6.984,14.106,33170.03
1215,2024-10-04,21.03,12.52,0.2562,25.48,38.82,12.12,3.7635,409.6,6.955,14.324,33594.12
1216,2024-10-07,20.96,12.585,0.2549,25.49,39.37,12.214,3.803,410.1,6.94,14.504,33814.52
1217,2024-10-08,20.91,12.715,0.252,25.46,39.205,11.988,3.786,417.0,6.977,14.194,33733.9
1218,2024-10-09,21.08,12.66,0.2551,25.56,39.375,12.22,3.808,419.3,7.001,14.166,33933.03
1219,2024-10-10,20.38,12.725,0.2527,25.99,40.0,12.194,3.85,416.0,6.982,14.262,34077.42
1220,2024-10-11,20.4,12.82,0.241,26.15,40.08,11.856,3.891,426.8,7.066,14.322,34308.01
1221,2024-10-14,21.06,12.915,0.241,26.66,40.23,12.042,3.9225,437.2,7.176,14.354,34680.55
1222,2024-10-15,20.96,12.93,0.246,26.75,40.24,12.002,3.9305,435.4,7.209,13.964,34578.45
1223,2024-10-16,21.53,12.985,0.2523,26.71,40.305,12.01,3.92,433.9,7.285,14.036,34660.0
1224,2024-10-17,21.82,13.375,0.2532,26.88,40.735,11.956,3.9705,443.2,7.32,14.162,35038.73
1225,2024-10-18,21.99,13.415,0.253,26.98,40.825,12.184,4.0,443.3,7.332,14.102,35204.26
1226,2024-10-21,21.83,13.33,0.25,26.74,40.55,11.926,3.9645,441.0,7.337,14.256,34955.95
1227,2024-10-22,22.12,13.23,0.2492,26.22,40.325,12.02,3.931,443.7,7.17,14.278,34733.52
1228,2024-10-23,21.87,13.15,0.2432,26.22,40.255,12.38,3.884,446.7,7.177,14.18,34697.23
1229,2024-10-24,21.93,13.14,0.2416,26.11,40.06,12.56,3.8795,446.2,7.201,14.226,34698.81
1230,2024-10-25,21.79,13.045,0.2402,25.96,40.155,12.672,3.876,450.1,7.188,14.428,34776.1
1231,2024-10-28,22.07,13.18,0.2391,26.24,40.72,12.704,3.9265,453.2,7.208,14.194,35016.44
1232,2024-10-29,21.91,13.1,0.2381,26.07,41.055,12.398,3.973,451.9,7.138,14.036,34925.59
1233,2024-10-30,22.2,12.99,0.2359,25.71,41.015,12.238,3.9445,443.8,7.081,13.992,34502.7
1234,2024-10-31,21.97,12.94,0.2327,25.55,40.68,12.596,3.937,439.8,6.97,14.012,34281.24
1235,2024-11-01,22.31,13.03,0.2335,25.69,42.125,12.724,4.0335,441.3,7.012,14.034,34676.17
1236,2024-11-04,21.76,12.97,0.2315,25.34,42.275,12.608,4.0685,437.9,7.031,14.022,34540.73
1237,2024-11-05,22.57,13.15,0.2289,25.48,42.84,12.65,4.1,407.0,6.998,14.116,34472.06
1238,2024-11-06,23.35,13.195,0.2252,25.36,40.565,12.872,3.972,407.8,6.815,14.004,33940.72
1239,2024-11-07,24.35,13.3,0.2255,25.23,40.005,13.02,3.855,417.2,6.696,14.09,33981.23
1240,2024-11-08,24.71,13.29,0.2235,25.21,39.985,12.538,3.8355,421.7,6.678,13.93,33816.58
1241,2024-11-11,25.78,13.325,0.2258,25.54,40.79,12.762,3.899,427.4,6.755,14.01,34343.83
1242,2024-11-12,25.68,13.115,0.2172,25.2,40.1,12.54,3.8035,413.0,6.591,13.812,33607.14
1243,2024-11-13,25.34,13.1,0.2172,25.51,40.64,12.46,3.823,416.2,6.62,13.718,33707.52
1244,2024-11-14,25.14,13.285,0.2349,25.81,41.8,12.792,3.905,418.6,6.771,14.01,34358.16
1245,2024-11-15,24.78,13.4,0.234,27.06,40.77,12.702,3.9,411.0,6.788,14.096,34191.79
1246,2024-11-18,24.88,13.07,0.2389,27.01,39.65,12.656,3.756,410.0,6.699,13.896,33758.43
1247,2024-11-19,25.22,12.92,0.229,26.87,38.765,12.388,3.7145,406.4,6.643,13.734,33324.73
1248,2024-11-20,25.11,12.92,0.2338,26.75,38.88,12.208,3.6965,404.4,6.564,13.728,33227.7
1249,2024-11-21,25.6,13.005,0.2299,26.94,38.815,12.17,3.6675,409.3,6.58,13.814,33294.96
1250,2024-11-22,25.51,13.09,0.2319,27.01,38.09,12.514,3.6335,418.2,6.723,13.916,33494.83
1251,2024-11-25,25.0,13.145,0.2365,27.27,36.275,12.814,3.609,417.7,6.742,13.74,33427.72
1252,2024-11-26,25.13,13.25,0.2323,27.7,35.87,12.2,3.5825,412.4,6.712,13.456,33167.64
1253,2024-11-27,24.95,13.235,0.2335,27.08,35.815,12.136,3.5775,410.4,6.739,13.416,33089.72
1254,2024-11-28,25.48,13.225,0.2307,27.1,36.22,12.35,3.6025,408.7,6.77,13.424,33260.13
1255,2024-11-29,25.47,13.285,0.2273,27.08,36.385,12.536,3.627,411.7,6.81,13.406,33414.56
1256,2024-12-02,25.85,13.45,0.2236,27.54,36.805,11.746,3.632,416.7,6.831,13.342,33483.17
1257,2024-12-03,26.17,13.495,0.2237,27.7,37.5,11.934,3.6815,421.7,6.912,13.47,33829.34
1258,2024-12-04,26.32,13.64,0.2268,27.81,37.565,12.09,3.7315,424.5,6.943,13.486,34083.91
1259,2024-12-05,26.63,13.83,0.2369,28.21,39.455,12.548,3.816,423.1,7.012,13.454,34626.28
1260,2024-12-06,26.41,13.765,0.2397,28.08,39.21,12.948,3.839,432.3,6.986,13.42,34749.5
1261,2024-12-09,25.15,13.66,0.2425,27.66,38.72,13.146,3.839,427.5,6.923,13.494,34559.83
1262,2024-12-10,24.86,13.655,0.2429,27.52,38.835,13.274,3.8195,425.0,6.936,13.404,34524.7
1263,2024-12-11,25.62,13.79,0.2501,28.17,38.99,13.194,3.8555,428.1,6.918,13.374,34731.31
1264,2024-12-12,25.73,13.8,0.2532,28.03,39.24,13.208,3.905,431.1,6.909,13.32,34857.37
1265,2024-12-13,25.75,13.845,0.26,28.3,38.93,13.348,3.927,431.5,6.943,13.296,34888.79
1266,2024-12-16,26.01,13.87,0.2748,28.03,38.88,12.73,3.9435,420.3,7.019,13.1,34740.25
1267,2024-12-17,25.69,13.8,0.2738,27.65,38.2,12.758,3.8665,414.7,6.955,12.784,34315.24
1268,2024-12-18,25.87,13.71,0.2724,27.31,38.7,12.744,3.9,415.2,6.916,12.892,34400.99
1269,2024-12-19,25.61,13.575,0.251,27.08,37.595,12.362,3.853,408.8,6.801,12.782,33787.0
1270,2024-12-20,25.55,13.545,0.2418,27.06,37.65,12.378,3.834,411.6,6.806,12.724,33766.29
1271,2024-12-23,25.75,13.475,0.242,27.06,37.71,12.342,3.82,408.2,6.799,12.702,33739.9
1272,2024-12-27,25.9,13.645,0.2459,27.29,38.345,12.596,3.865,414.8,6.847,12.954,34160.97
1273,2024-12-30,25.93,13.62,0.2466,27.27,38.525,12.59,3.863,412.4,6.886,13.09,34186.18
