"Data","Ultimo","Apertura","Massimo","Minimo","Vol.","Var. %"
"30.12.2024","34.186,18","34.062,02","34.339,73","33.966,30","257,12M","0,07%"
"27.12.2024","34.160,97","33.821,18","34.160,97","33.623,67","299,54M","1,25%"
"23.12.2024","33.739,90","33.648,38","33.849,64","33.541,40","327,67M","-0,08%"
"20.12.2024","33.766,29","33.519,24","33.792,62","33.266,92","855,66M","-0,06%"
"19.12.2024","33.787,00","34.026,24","34.170,28","33.708,16","978,56M","-1,78%"
"18.12.2024","34.400,99","34.318,44","34.505,14","34.210,01","557,31M","0,25%"
"17.12.2024","34.315,24","34.474,13","34.601,64","34.237,82","1,17B","-1,22%"
"16.12.2024","34.740,25","34.904,59","35.004,86","34.659,93","803,00M","-0,43%"
"13.12.2024","34.888,79","34.906,79","35.007,21","34.821,23","695,10M","0,09%"
"12.12.2024","34.857,37","34.841,03","34.959,21","34.828,52","495,36M","0,36%"
"11.12.2024","34.731,31","34.557,84","34.753,10","34.537,73","544,91M","0,60%"
"10.12.2024","34.524,70","34.544,35","34.621,04","34.394,03","404,77M","-0,10%"
"09.12.2024","34.559,83","34.955,11","34.965,31","34.552,82","420,21M","-0,55%"
"06.12.2024","34.749,50","34.658,93","34.886,00","34.648,82","448,16M","0,36%"
"05.12.2024","34.626,28","34.121,12","34.652,26","34.117,03","538,47M","1,59%"
"04.12.2024","34.083,91","33.937,44","34.270,87","33.935,51","433,11M","0,75%"
"03.12.2024","33.829,34","33.614,24","33.958,37","33.608,58","414,51M","1,03%"
"02.12.2024","33.483,17","33.238,13","33.598,02","33.100,31","426,77M","0,21%"
"29.11.2024","33.414,56","33.155,78","33.422,29","33.105,83","380,27M","0,46%"
"28.11.2024","33.260,13","33.235,76","33.358,02","33.145,09","288,00M","0,51%"
"27.11.2024","33.089,72","32.993,44","33.089,89","32.709,22","334,98M","-0,23%"
"26.11.2024","33.167,64","33.242,34","33.389,78","32.988,40","449,82M","-0,78%"
"25.11.2024","33.427,72","33.665,72","33.708,38","33.291,16","823,03M","-0,20%"
"22.11.2024","33.494,83","33.503,32","33.541,37","32.959,88","428,63M","0,60%"
"21.11.2024","33.294,96","33.251,82","33.329,85","32.859,66","387,01M","0,20%"
"20.11.2024","33.227,70","33.529,92","33.544,04","33.131,02","338,45M","-0,29%"
"19.11.2024","33.324,73","33.787,78","33.830,17","32.787,77","544,26M","-1,28%"
"18.11.2024","33.758,43","33.888,98","33.890,26","33.489,81","439,31M","-1,27%"
"15.11.2024","34.191,79","34.264,71","34.470,36","34.145,29","461,80M","-0,48%"
"14.11.2024","34.358,16","33.814,81","34.364,76","33.745,49","895,77M","1,93%"
"13.11.2024","33.707,52","33.575,48","33.856,30","33.475,16","411,59M","0,30%"
"12.11.2024","33.607,14","34.076,73","34.169,01","33.604,16","525,44M","-2,15%"
"11.11.2024","34.343,83","34.087,37","34.380,71","34.034,93","354,10M","1,56%"
"08.11.2024","33.816,58","33.991,69","33.995,38","33.602,43","482,79M","-0,48%"
"07.11.2024","33.981,23","34.095,70","34.375,85","33.935,11","506,58M","0,12%"
"06.11.2024","33.940,72","34.614,99","34.968,58","33.829,43","624,76M","-1,54%"
"05.11.2024","34.472,06","34.545,90","34.706,16","34.343,88","342,39M","-0,20%"
"04.11.2024","34.540,73","34.667,60","34.818,88","34.536,52","344,77M","-0,39%"
"01.11.2024","34.676,17","34.314,35","34.766,14","34.281,69","328,99M","1,15%"
"31.10.2024","34.281,24","34.192,31","34.463,91","34.079,61","426,01M","-0,64%"
"30.10.2024","34.502,70","34.766,84","34.783,35","34.359,79","398,15M","-1,21%"
"29.10.2024","34.925,59","35.126,88","35.245,16","34.901,26","345,44M","-0,26%"
"28.10.2024","35.016,44","34.959,66","35.032,02","34.697,82","333,32M","0,69%"
"25.10.2024","34.776,10","34.726,82","34.883,91","34.633,74","357,48M","0,22%"
"24.10.2024","34.698,81","34.776,70","35.014,27","34.698,81","385,20M","0,00%"
"23.10.2024","34.697,23","34.674,65","34.827,50","34.625,41","506,48M","-0,10%"
"22.10.2024","34.733,52","34.936,83","34.945,78","34.510,87","343,03M","-0,64%"
"21.10.2024","34.955,95","35.182,09","35.277,61","34.953,56","333,49M","-0,71%"
"18.10.2024","35.204,26","35.032,96","35.205,78","35.005,72","429,28M","0,47%"
"17.10.2024","35.038,73","34.774,83","35.148,57","34.774,19","456,58M","1,09%"
"16.10.2024","34.660,00","34.423,55","34.720,46","34.408,94","458,24M","0,24%"
"15.10.2024","34.578,45","34.736,97","34.880,40","34.543,21","492,75M","-0,29%"
"14.10.2024","34.680,55","34.419,94","34.691,21","34.329,45","401,59M","1,09%"
"11.10.2024","34.308,01","34.080,13","34.312,10","33.978,99","641,89M","0,68%"
"10.10.2024","34.077,42","33.935,25","34.100,09","33.900,52","426,23M","0,43%"
"09.10.2024","33.933,03","33.744,40","33.933,63","33.603,37","351,43M","0,59%"
"08.10.2024","33.733,90","33.650,04","33.886,79","33.503,20","327,29M","-0,24%"
"07.10.2024","33.814,52","33.717,63","33.842,27","33.448,09","395,30M","0,66%"
"04.10.2024","33.594,12","33.197,99","33.661,10","33.197,99","504,67M","1,28%"
"03.10.2024","33.170,03","33.573,59","33.635,10","33.128,97","677,51M","-1,50%"
"02.10.2024","33.675,26","33.728,01","33.969,75","33.494,21","421,99M","-0,28%"
"01.10.2024","33.771,08","34.231,23","34.248,62","33.695,17","486,52M","-1,04%"
"30.09.2024","34.125,26","34.599,89","34.623,16","34.085,34","487,92M","-1,73%"
"27.09.2024","34.727,40","34.397,13","34.737,62","34.353,64","372,63M","0,92%"
"26.09.2024","34.409,34","34.084,26","34.440,52","34.084,26","503,97M","1,68%"
"25.09.2024","33.840,54","33.764,25","33.987,58","33.698,77","250,81M","-0,12%"
"24.09.2024","33.881,26","33.882,81","33.951,76","33.762,31","336,85M","0,60%"
"23.09.2024","33.679,80","33.764,62","33.790,31","33.484,91","338,46M","-0,24%"
"20.09.2024","33.762,25","33.906,14","33.995,49","33.731,91","913,86M","-0,83%"
"19.09.2024","34.044,86","33.986,19","34.047,70","33.768,90","600,13M","1,16%"
"18.09.2024","33.655,49","33.800,78","33.861,17","33.607,09","592,49M","-0,37%"
"17.09.2024","33.780,28","33.689,10","33.931,28","33.671,45","539,79M","0,63%"
"16.09.2024","33.569,98","33.422,27","33.733,80","33.415,53","519,66M","0,00%"
"13.09.2024","33.568,47","33.496,40","33.679,87","33.445,58","488,16M","0,34%"
"12.09.2024","33.453,78","33.538,36","33.600,06","33.171,29","764,20M","0,84%"
"11.09.2024","33.174,42","33.200,10","33.414,95","32.973,59","338,74M","-0,12%"
"10.09.2024","33.213,29","33.547,21","33.732,21","33.161,34","423,62M","-1,12%"
"09.09.2024","33.590,34","33.427,73","33.698,72","33.423,39","289,28M","0,90%"
"06.09.2024","33.291,39","33.610,89","33.841,15","33.243,05","457,29M","-1,17%"
"05.09.2024","33.684,80","33.579,82","33.841,40","33.551,21","364,00M","0,01%"
"04.09.2024","33.682,26","33.387,66","33.803,20","33.373,77","335,38M","-0,53%"
"03.09.2024","33.863,43","34.362,24","34.428,57","33.796,91","420,92M","-1,33%"
"02.09.2024","34.320,60","34.392,75","34.421,13","34.169,59","252,88M","-0,15%"
"30.08.2024","34.372,67","34.261,62","34.446,01","34.248,88","426,72M","0,53%"
"29.08.2024","34.192,06","33.907,78","34.193,87","33.906,84","333,43M","0,92%"
"28.08.2024","33.880,05","33.831,82","33.961,85","33.811,16","295,09M","0,30%"
"27.08.2024","33.778,80","33.654,37","33.836,18","33.630,75","383,59M","0,52%"
"26.08.2024","33.604,80","33.632,45","33.703,57","33.546,30","376,99M","-0,13%"
"23.08.2024","33.650,17","33.429,20","33.704,22","33.413,91","248,06M","1,02%"
"22.08.2024","33.310,93","33.306,81","33.435,60","33.277,20","288,93M","0,00%"
"21.08.2024","33.312,41","33.108,42","33.382,34","33.106,14","269,87M","0,72%"
"20.08.2024","33.075,62","33.344,19","33.461,46","33.066,92","317,62M","-0,57%"
"19.08.2024","33.266,32","33.052,78","33.364,50","33.046,95","462,80M","0,68%"
"16.08.2024","33.040,81","32.988,04","33.108,53","32.828,32","401,52M","2,20%"
"14.08.2024","32.328,03","32.187,81","32.343,62","32.150,00","280,14M","1,00%"
"13.08.2024","32.006,45","32.078,16","32.096,42","31.782,20","304,42M","0,24%"
"12.08.2024","31.928,32","31.889,15","32.066,22","31.810,52","228,42M","0,46%"
"09.08.2024","31.782,23","31.813,73","32.059,38","31.630,43","272,84M","0,13%"
"08.08.2024","31.741,91","31.554,20","31.781,59","31.287,68","351,41M","-0,28%"
"07.08.2024","31.831,64","31.352,27","31.914,27","31.217,06","468,29M","2,33%"
"06.08.2024","31.107,13","31.445,72","31.542,20","30.868,25","478,25M","-0,60%"
"05.08.2024","31.293,52","31.458,38","31.475,95","30.652,98","763,03M","-2,27%"
"02.08.2024","32.018,82","32.213,24","32.529,99","31.909,49","645,16M","-2,55%"
"01.08.2024","32.857,43","33.608,32","33.625,67","32.785,93","587,35M","-2,68%"
"31.07.2024","33.763,86","34.034,18","34.061,85","33.674,39","395,51M","-0,43%"
"30.07.2024","33.908,02","33.716,57","34.051,83","33.649,36","408,64M","0,79%"
"29.07.2024","33.640,83","34.023,14","34.065,08","33.572,93","288,20M","-0,51%"
"26.07.2024","33.812,44","33.724,68","33.888,82","33.675,86","330,94M","0,12%"
"25.07.2024","33.771,07","34.242,92","34.269,47","33.501,65","481,97M","-2,03%"
"24.07.2024","34.471,65","34.447,30","34.557,67","34.164,47","433,20M","-0,48%"
"23.07.2024","34.637,75","34.698,65","34.863,88","34.542,25","667,69M","0,07%"
"22.07.2024","34.615,05","34.297,68","34.716,50","34.297,68","608,20M","1,17%"
"19.07.2024","34.215,84","34.387,31","34.428,04","34.179,45","358,43M","-0,91%"
"18.07.2024","34.529,13","34.466,54","34.775,70","34.336,54","407,97M","0,43%"
"17.07.2024","34.379,64","34.332,83","34.479,74","34.169,91","326,22M","0,03%"
"16.07.2024","34.369,19","34.209,85","34.422,18","34.028,85","290,94M","-0,02%"
"15.07.2024","34.375,92","34.512,02","34.566,82","34.330,18","296,59M","-0,59%"
"12.07.2024","34.580,52","34.437,58","34.630,98","34.388,17","387,04M","0,76%"
"11.07.2024","34.318,11","34.425,12","34.486,64","34.227,83","420,31M","0,03%"
"10.07.2024","34.306,40","33.983,48","34.311,20","33.847,52","523,29M","1,30%"
"09.07.2024","33.864,47","34.007,56","34.141,92","33.791,98","319,07M","-0,53%"
"08.07.2024","34.046,54","33.940,82","34.442,00","33.870,67","373,79M","0,17%"
"05.07.2024","33.987,67","34.212,27","34.341,72","33.806,15","359,14M","-0,35%"
"04.07.2024","34.106,01","33.975,39","34.131,31","33.956,65","282,32M","0,77%"
"03.07.2024","33.844,95","33.674,84","33.965,80","33.613,77","417,86M","1,09%"
"02.07.2024","33.481,40","33.556,23","33.580,92","33.262,36","407,35M","-0,70%"
"01.07.2024","33.716,54","33.742,53","33.838,74","33.524,52","393,76M","1,70%"
"28.06.2024","33.154,05","33.320,01","33.376,36","33.032,15","365,94M","-0,10%"
"27.06.2024","33.186,89","33.561,09","33.609,41","33.161,67","324,96M","-1,06%"
"26.06.2024","33.541,98","33.812,19","33.826,88","33.371,78","397,01M","-0,49%"
"25.06.2024","33.707,21","33.698,81","33.838,95","33.631,63","336,77M","-0,38%"
"24.06.2024","33.834,91","33.366,06","33.863,55","33.363,70","383,70M","1,58%"
"21.06.2024","33.308,77","33.475,94","33.551,10","33.137,57","778,92M","-1,09%"
"20.06.2024","33.675,15","33.239,53","33.710,68","33.218,17","349,09M","1,37%"
"19.06.2024","33.220,31","33.351,87","33.506,49","33.214,67","316,37M","-0,29%"
"18.06.2024","33.315,68","33.224,29","33.353,00","33.088,90","376,59M","1,24%"
"17.06.2024","32.908,05","32.915,94","33.103,37","32.590,12","367,87M","0,74%"
"14.06.2024","32.665,21","33.579,88","33.593,31","32.474,13","709,20M","-2,81%"
"13.06.2024","33.609,85","34.310,96","34.321,73","33.557,81","514,78M","-2,18%"
"12.06.2024","34.358,83","34.045,16","34.394,51","33.991,11","493,85M","1,43%"
"11.06.2024","33.874,48","34.615,54","34.638,61","33.722,50","521,14M","-1,93%"
"10.06.2024","34.542,01","34.427,44","34.542,01","34.241,19","391,06M","-0,34%"
"07.06.2024","34.660,38","34.971,02","34.972,83","34.461,00","362,95M","-0,50%"
"06.06.2024","34.834,30","34.696,15","34.861,06","34.502,16","472,01M","0,95%"
"05.06.2024","34.507,84","34.433,63","34.741,50","34.397,46","467,72M","0,68%"
"04.06.2024","34.276,02","34.615,31","34.615,31","34.157,89","553,99M","-1,14%"
"03.06.2024","34.670,06","34.802,75","34.852,07","34.615,27","838,98M","0,52%"
"31.05.2024","34.492,41","34.528,35","34.552,62","34.319,76","1,05B","0,13%"
"30.05.2024","34.447,57","34.015,70","34.476,66","34.009,69","1,21B","0,87%"
"29.05.2024","34.150,54","34.595,83","34.637,09","34.073,06","450,28M","-1,47%"
"28.05.2024","34.659,55","34.861,37","34.873,01","34.534,09","391,10M","-0,29%"
"27.05.2024","34.761,97","34.502,62","34.761,97","34.457,39","354,52M","0,79%"
"24.05.2024","34.490,71","34.238,24","34.525,67","34.043,25","489,47M","0,07%"
"23.05.2024","34.467,67","34.519,16","34.646,84","34.372,42","530,61M","0,02%"
"22.05.2024","34.460,52","34.555,01","34.574,06","34.402,15","451,64M","-0,41%"
"21.05.2024","34.603,61","34.709,31","34.719,24","34.367,36","479,31M","-0,64%"
"20.05.2024","34.825,01","35.038,60","35.118,73","34.804,08","523,26M","-1,62%"
"17.05.2024","35.398,82","35.400,93","35.462,43","35.331,80","557,97M","-0,03%"
"16.05.2024","35.410,13","35.398,17","35.474,31","35.314,90","495,93M","0,12%"
"15.05.2024","35.366,20","35.292,59","35.374,37","35.174,98","730,95M","0,61%"
"14.05.2024","35.151,42","34.810,86","35.190,26","34.799,57","695,33M","0,96%"
"13.05.2024","34.815,91","34.663,35","34.843,20","34.619,93","503,13M","0,46%"
"10.05.2024","34.657,35","34.508,02","34.747,73","34.482,51","487,48M","0,93%"
"09.05.2024","34.339,32","34.192,99","34.343,26","33.974,51","457,01M","0,55%"
"08.05.2024","34.151,41","34.284,09","34.299,40","33.976,80","429,42M","-0,27%"
"07.05.2024","34.242,49","34.181,00","34.394,13","34.067,00","432,06M","0,75%"
"06.05.2024","33.986,90","33.775,15","34.051,60","33.688,22","333,45M","1,06%"
"03.05.2024","33.629,21","33.889,78","33.928,09","33.554,91","1,91M","-0,32%"
"02.05.2024","33.736,40","33.760,36","33.989,61","33.699,46","460,91M","-0,03%"
"30.04.2024","33.746,66","34.325,99","34.356,19","33.739,42","453,15M","-1,60%"
"29.04.2024","34.296,31","34.397,63","34.432,00","34.181,97","428,79M","0,14%"
"26.04.2024","34.249,77","34.188,52","34.353,05","34.051,81","422,87M","0,91%"
"25.04.2024","33.939,75","34.207,85","34.323,14","33.736,24","418,56M","-0,97%"
"24.04.2024","34.271,12","34.507,65","34.544,90","34.191,49","528,23M","-0,27%"
"23.04.2024","34.363,75","33.874,90","34.383,09","33.863,22","886,53M","1,89%"
"22.04.2024","33.724,82","33.705,83","33.822,73","33.423,38","457,29M","-0,58%"
"19.04.2024","33.922,16","33.592,34","33.935,51","33.460,81","488,08M","0,12%"
"18.04.2024","33.881,50","33.738,86","33.891,18","33.577,40","451,68M","0,74%"
"17.04.2024","33.632,71","33.428,84","33.815,78","33.384,23","416,03M","0,72%"
"16.04.2024","33.393,85","33.415,05","33.608,67","33.310,99","435,59M","-1,65%"
"15.04.2024","33.954,28","33.974,54","34.285,01","33.890,48","455,22M","0,56%"
"12.04.2024","33.764,15","34.002,76","34.129,64","33.638,48","441,88M","0,15%"
"11.04.2024","33.713,94","34.028,17","34.112,71","33.519,32","480,35M","-0,96%"
"10.04.2024","34.039,63","34.155,82","34.241,68","33.712,13","613,38M","0,27%"
"09.04.2024","33.946,29","34.277,81","34.281,60","33.869,11","476,66M","-1,08%"
"08.04.2024","34.315,96","34.029,64","34.317,75","34.002,92","391,04M","0,90%"
"05.04.2024","34.010,88","34.052,50","34.060,14","33.812,10","523,84M","-1,29%"
"04.04.2024","34.454,58","34.483,08","34.583,97","34.420,72","506,66M","-0,08%"
"03.04.2024","34.480,87","34.393,71","34.484,12","34.282,09","575,94M","0,45%"
"02.04.2024","34.325,23","34.829,39","34.907,97","34.323,29","568,59M","-1,22%"
"28.03.2024","34.750,35","34.803,87","34.857,59","34.724,38","462,91M","-0,03%"
"27.03.2024","34.759,69","34.696,63","34.819,16","34.656,16","655,10M","0,21%"
"26.03.2024","34.688,17","34.672,35","34.795,66","34.653,34","620,07M","0,14%"
"25.03.2024","34.639,41","34.381,14","34.661,67","34.374,43","575,39M","0,86%"
"22.03.2024","34.343,61","34.205,34","34.392,95","34.179,84","646,40M","0,05%"
"21.03.2024","34.327,95","34.587,43","34.601,61","34.300,97","672,54M","0,10%"
"20.03.2024","34.293,29","34.252,33","34.308,78","34.189,33","692,87M","0,09%"
"19.03.2024","34.262,36","33.940,00","34.266,88","33.872,26","498,11M","0,95%"
"18.03.2024","33.940,96","33.998,67","34.142,90","33.858,93","542,31M","0,00%"
"15.03.2024","33.940,03","33.778,03","34.041,56","33.759,20","1,28B","0,46%"
"14.03.2024","33.786,18","33.948,44","34.023,40","33.736,76","973,93M","-0,29%"
"13.03.2024","33.885,43","33.798,43","34.010,17","33.778,81","894,91M","0,39%"
"12.03.2024","33.753,12","33.415,20","33.783,50","33.341,96","955,25M","1,31%"
"11.03.2024","33.315,07","33.185,59","33.326,01","33.109,25","1,49B","-0,27%"
"08.03.2024","33.403,80","33.462,12","33.514,34","33.393,11","1,67B","-0,04%"
"07.03.2024","33.418,68","33.275,78","33.489,73","33.195,46","2,50B","0,16%"
"06.03.2024","33.363,84","33.142,88","33.405,07","33.136,44","724,24M","0,66%"
"05.03.2024","33.146,16","32.867,30","33.184,72","32.832,75","601,91M","0,71%"
"04.03.2024","32.912,34","32.903,62","32.947,14","32.818,45","507,70M","-0,07%"
"01.03.2024","32.934,29","32.772,05","32.966,93","32.739,19","735,50M","1,08%"
"29.02.2024","32.580,94","32.633,32","32.784,99","32.579,73","892,20M","-0,11%"
"28.02.2024","32.617,96","32.645,15","32.661,07","32.540,00","415,18M","-0,27%"
"27.02.2024","32.706,44","32.570,07","32.724,54","32.505,88","474,44M","0,46%"
"26.02.2024","32.557,81","32.691,05","32.711,16","32.550,37","466,01M","-0,44%"
"23.02.2024","32.700,92","32.428,21","32.707,02","32.420,80","496,14M","1,07%"
"22.02.2024","32.356,26","32.291,17","32.475,12","32.194,66","513,71M","1,06%"
"21.02.2024","32.018,40","31.755,60","32.037,01","31.749,90","438,97M","1,00%"
"20.02.2024","31.701,48","31.645,47","31.774,80","31.616,76","397,55M","0,08%"
"19.02.2024","31.676,05","31.663,16","31.718,45","31.588,55","609,36M","-0,18%"
"16.02.2024","31.732,39","31.880,18","31.945,34","31.704,36","506,43M","0,12%"
"15.02.2024","31.694,44","31.479,89","31.698,86","31.479,89","548,12M","1,17%"
"14.02.2024","31.329,38","31.128,97","31.375,91","31.094,98","499,19M","0,63%"
"13.02.2024","31.134,17","31.473,49","31.484,23","31.101,87","469,96M","-1,03%"
"12.02.2024","31.456,73","31.311,81","31.472,58","31.280,06","460,39M","0,97%"
"09.02.2024","31.156,06","31.115,07","31.211,93","31.054,12","449,21M","0,30%"
"08.02.2024","31.064,15","31.070,86","31.179,09","30.987,05","451,40M","0,28%"
"07.02.2024","30.976,02","31.172,35","31.214,83","30.939,07","524,44M","-0,45%"
"06.02.2024","31.116,75","31.145,46","31.171,04","30.982,96","552,36M","0,53%"
"05.02.2024","30.952,79","30.789,37","31.093,02","30.771,31","593,46M","0,76%"
"02.02.2024","30.717,95","30.888,38","30.913,07","30.684,18","520,24M","0,09%"
"01.02.2024","30.689,11","30.643,09","30.867,87","30.534,31","468,78M","-0,18%"
"31.01.2024","30.744,24","30.673,56","30.922,01","30.625,05","570,20M","0,40%"
"30.01.2024","30.623,27","30.370,59","30.640,34","30.233,29","727,52M","1,29%"
"29.01.2024","30.233,61","30.386,51","30.404,19","30.093,55","441,50M","-0,48%"
"26.01.2024","30.379,33","30.200,88","30.423,53","30.167,34","371,25M","0,73%"
"25.01.2024","30.157,80","30.209,84","30.243,01","29.987,57","377,46M","-0,60%"
"24.01.2024","30.338,35","30.195,29","30.338,35","30.131,40","458,31M","0,87%"
"23.01.2024","30.077,46","30.284,28","30.293,03","29.956,40","397,43M","-0,35%"
"22.01.2024","30.182,32","30.396,87","30.453,66","30.089,68","343,49M","-0,33%"
"19.01.2024","30.283,61","30.529,16","30.532,80","30.234,05","349,63M","-0,22%"
"18.01.2024","30.350,53","30.135,47","30.455,60","30.069,95","377,50M","0,84%"
"17.01.2024","30.098,86","30.116,55","30.173,67","29.925,99","483,17M","-0,79%"
"16.01.2024","30.337,62","30.146,02","30.346,64","29.995,57","336,23M","0,03%"
"15.01.2024","30.327,72","30.521,72","30.533,32","30.270,14","291,78M","-0,47%"
"12.01.2024","30.470,55","30.395,06","30.587,18","30.370,64","321,48M","0,73%"
"11.01.2024","30.249,16","30.608,02","30.724,33","30.248,47","368,35M","-0,66%"
"10.01.2024","30.450,78","30.475,69","30.572,48","30.328,68","353,82M","0,14%"
"09.01.2024","30.408,78","30.615,28","30.655,20","30.321,04","384,38M","-0,53%"
"08.01.2024","30.569,92","30.379,85","30.574,74","30.200,78","352,47M","0,42%"
"05.01.2024","30.440,95","30.219,58","30.520,15","30.130,25","396,14M","0,12%"
"04.01.2024","30.403,96","30.173,79","30.409,61","30.129,01","480,99M","1,01%"
"03.01.2024","30.100,84","30.521,84","30.564,36","30.013,92","473,88M","-1,39%"
"02.01.2024","30.524,63","30.519,55","30.863,58","30.326,86","485,05M","0,57%"
"29.12.2023","30.351,62","30.376,28","30.481,25","30.316,00","276,80M","0,07%"
"28.12.2023","30.331,17","30.502,21","30.518,91","30.331,17","238,38M","-0,30%"
"27.12.2023","30.421,51","30.414,02","30.515,99","30.324,68","313,14M","0,22%"
"22.12.2023","30.353,29","30.268,04","30.392,88","30.208,85","459,97M","0,26%"
"21.12.2023","30.274,26","30.220,57","30.312,60","30.143,04","430,10M","-0,29%"
"20.12.2023","30.361,21","30.452,37","30.461,00","30.204,35","671,72M","-0,01%"
"19.12.2023","30.363,53","30.262,03","30.374,84","30.200,69","407,49M","0,41%"
"18.12.2023","30.241,02","30.275,06","30.338,91","30.196,27","506,37M","-0,44%"
"15.12.2023","30.373,89","30.501,50","30.593,45","30.302,96","1,03B","0,05%"
"14.12.2023","30.359,06","30.595,04","30.652,90","30.145,65","828,05M","0,21%"
"13.12.2023","30.295,69","30.356,89","30.465,86","30.293,54","471,26M","-0,15%"
"12.12.2023","30.342,15","30.500,94","30.571,47","30.341,18","428,78M","-0,28%"
"11.12.2023","30.426,58","30.417,50","30.469,61","30.303,34","309,97M","0,07%"
"08.12.2023","30.403,90","30.149,82","30.427,08","30.057,59","315,89M","0,94%"
"07.12.2023","30.121,77","30.297,19","30.342,98","30.052,94","421,88M","-0,67%"
"06.12.2023","30.326,29","30.212,02","30.454,65","30.139,55","394,85M","0,81%"
"05.12.2023","30.082,88","29.902,54","30.089,82","29.888,65","390,24M","0,56%"
"04.12.2023","29.914,09","29.919,76","29.983,62","29.826,33","387,94M","-0,05%"
"01.12.2023","29.928,45","29.835,59","29.943,94","29.755,02","372,55M","0,64%"
"30.11.2023","29.737,38","29.793,41","29.882,68","29.645,18","872,07M","0,16%"
"29.11.2023","29.688,45","29.408,88","29.729,88","29.402,91","586,94M","1,06%"
"28.11.2023","29.376,74","29.315,92","29.378,35","29.186,79","310,41M","0,12%"
"27.11.2023","29.342,29","29.429,82","29.479,62","29.252,87","392,66M","-0,31%"
"24.11.2023","29.432,30","29.277,40","29.438,34","29.191,64","4,16M","0,67%"
"23.11.2023","29.235,71","29.220,64","29.273,32","29.079,75","2,67M","0,28%"
"22.11.2023","29.154,91","29.241,70","29.360,65","29.097,92","3,05M","0,01%"
"21.11.2023","29.153,42","29.503,24","29.537,45","29.153,42","480,21M","-1,32%"
"20.11.2023","29.541,90","29.452,02","29.580,94","29.422,24","395,89M","0,15%"
"17.11.2023","29.498,43","29.319,73","29.540,21","29.319,73","451,53M","0,82%"
"16.11.2023","29.258,10","29.452,70","29.567,55","29.258,10","457,59M","-0,71%"
"15.11.2023","29.466,93","29.388,98","29.561,30","29.374,18","480,57M","0,42%"
"14.11.2023","29.344,43","29.015,13","29.412,71","28.976,34","571,96M","1,45%"
"13.11.2023","28.925,26","28.623,40","28.928,19","28.623,40","520,37M","1,48%"
"10.11.2023","28.504,43","28.562,96","28.581,31","28.390,37","366,61M","-0,49%"
"09.11.2023","28.644,09","28.443,43","28.691,79","28.386,64","439,19M","0,74%"
"08.11.2023","28.433,33","28.331,91","28.649,34","28.191,63","399,62M","0,13%"
"07.11.2023","28.395,90","28.474,02","28.689,56","28.328,21","367,70M","-0,69%"
"06.11.2023","28.592,60","28.792,03","28.809,60","28.547,80","727,11M","-0,29%"
"03.11.2023","28.674,83","28.611,52","28.746,28","28.509,03","507,00M","0,69%"
"02.11.2023","28.479,39","28.207,32","28.566,72","28.180,97","495,66M","1,77%"
"01.11.2023","27.985,44","27.843,29","28.079,99","27.676,63","413,37M","0,88%"
"31.10.2023","27.741,91","27.421,55","27.794,15","27.383,85","410,53M","1,47%"
"30.10.2023","27.339,91","27.405,09","27.568,89","27.305,33","393,41M","0,19%"
"27.10.2023","27.287,45","27.646,39","27.705,15","27.228,14","344,81M","-0,80%"
"26.10.2023","27.507,90","27.244,39","27.585,56","27.078,49","559,00M","0,29%"
"25.10.2023","27.428,60","27.491,63","27.515,21","27.235,79","530,72M","-0,52%"
"24.10.2023","27.572,74","27.575,00","27.676,27","27.293,49","384,43M","0,05%"
"23.10.2023","27.558,78","27.450,88","27.598,32","27.198,81","510,22M","0,74%"
"20.10.2023","27.357,00","27.569,89","27.635,28","27.336,09","476,96M","-1,40%"
"19.10.2023","27.746,82","28.018,61","28.018,61","27.715,56","384,63M","-1,38%"
"18.10.2023","28.135,79","28.351,70","28.513,83","28.101,73","618,82M","-0,82%"
"17.10.2023","28.367,36","28.355,49","28.526,97","28.139,17","592,67M","-0,09%"
"16.10.2023","28.391,60","28.332,57","28.460,00","28.064,03","922,44M","0,55%"
"13.10.2023","28.237,02","28.429,59","28.534,49","28.209,64","573,92M","-0,90%"
"12.10.2023","28.493,35","28.578,82","28.753,37","28.449,82","453,39M","0,26%"
"11.10.2023","28.419,06","28.163,07","28.586,80","28.163,07","441,67M","0,36%"
"10.10.2023","28.318,22","27.944,57","28.361,50","27.944,57","494,26M","2,30%"
"09.10.2023","27.682,06","27.716,10","27.831,04","27.467,42","477,99M","-0,46%"
"06.10.2023","27.810,61","27.605,62","27.839,68","27.433,41","743,31M","1,16%"
"05.10.2023","27.490,81","27.515,25","27.628,15","27.317,89","471,64M","0,20%"
"04.10.2023","27.435,59","27.351,29","27.588,60","27.145,96","436,02M","-0,17%"
"03.10.2023","27.482,21","27.708,08","27.950,57","27.443,59","421,05M","-1,32%"
"02.10.2023","27.849,65","28.243,26","28.301,90","27.777,73","389,36M","-1,39%"
"29.09.2023","28.243,26","28.307,34","28.506,38","28.189,68","381,56M","0,28%"
"28.09.2023","28.163,03","28.015,94","28.177,54","27.811,08","472,09M","0,54%"
"27.09.2023","28.012,30","28.109,34","28.220,52","27.931,78","357,64M","-0,31%"
"26.09.2023","28.098,88","28.273,75","28.289,91","27.993,26","405,12M","-1,00%"
"25.09.2023","28.382,19","28.518,77","28.676,46","28.116,43","461,12M","-0,68%"
"22.09.2023","28.575,90","28.528,33","28.703,32","28.474,37","497,70M","-0,46%"
"21.09.2023","28.708,55","28.993,83","29.078,10","28.646,39","528,20M","-1,78%"
"20.09.2023","29.229,30","28.784,40","29.275,42","28.755,53","770,23M","1,64%"
"19.09.2023","28.757,63","28.527,56","28.795,36","28.506,36","515,39M","0,60%"
"18.09.2023","28.585,86","28.871,01","28.916,30","28.492,27","396,60M","-1,07%"
"15.09.2023","28.895,39","29.053,52","29.129,50","28.845,90","761,34M","0,08%"
"14.09.2023","28.872,73","28.412,13","28.918,60","28.303,02","623,79M","1,37%"
"13.09.2023","28.481,77","28.498,81","28.575,80","28.247,42","412,44M","-0,36%"
"12.09.2023","28.584,58","28.594,70","28.607,90","28.424,93","417,07M","0,21%"
"11.09.2023","28.525,10","28.433,10","28.550,32","28.353,76","312,21M","1,03%"
"08.09.2023","28.233,20","28.263,23","28.306,12","27.864,31","440,73M","0,28%"
"07.09.2023","28.155,58","28.102,84","28.295,69","28.001,76","397,76M","-0,20%"
"06.09.2023","28.211,46","28.551,83","28.634,18","28.211,46","540,80M","-1,54%"
"05.09.2023","28.652,18","28.519,18","28.740,72","28.443,80","385,18M","0,02%"
"04.09.2023","28.647,33","28.801,09","28.895,78","28.602,84","564,85M","-0,01%"
"01.09.2023","28.650,49","28.814,65","28.955,08","28.622,44","442,74M","-0,63%"
"31.08.2023","28.831,52","28.937,63","29.045,57","28.831,52","530,43M","-0,29%"
"30.08.2023","28.916,70","28.966,63","29.102,58","28.849,81","395,15M","0,09%"
"29.08.2023","28.889,76","28.632,97","28.894,47","28.601,27","501,84M","1,21%"
"28.08.2023","28.544,56","28.431,72","28.630,19","28.385,46","382,14M","1,19%"
"25.08.2023","28.208,45","28.047,18","28.418,77","28.039,26","234,07M","0,49%"
"24.08.2023","28.072,12","28.485,14","28.544,01","28.072,12","291,26M","-0,57%"
"23.08.2023","28.233,80","28.268,10","28.381,42","28.132,61","282,95M","0,24%"
"22.08.2023","28.164,99","28.141,05","28.318,56","28.045,86","278,40M","0,64%"
"21.08.2023","27.986,92","27.851,00","28.232,75","27.842,26","348,52M","0,81%"
"18.08.2023","27.761,98","27.779,05","27.800,68","27.566,16","311,40M","-0,42%"
"17.08.2023","27.879,35","28.048,20","28.161,95","27.849,72","304,13M","-1,03%"
"16.08.2023","28.169,96","28.061,21","28.404,72","28.034,66","358,80M","-0,93%"
"14.08.2023","28.435,49","28.216,25","28.504,36","28.197,09","430,70M","0,57%"
"11.08.2023","28.274,74","28.442,53","28.477,01","28.241,63","619,23M","-1,05%"
"10.08.2023","28.575,05","28.474,27","28.687,11","28.438,83","652,37M","0,94%"
"09.08.2023","28.308,09","28.323,80","28.524,55","28.217,88","621,62M","1,31%"
"08.08.2023","27.942,25","28.382,71","28.444,07","27.770,85","828,37M","-2,12%"
"07.08.2023","28.547,61","28.555,75","28.687,00","28.334,10","321,38M","-0,14%"
"04.08.2023","28.586,37","28.760,38","28.792,38","28.494,73","384,91M","-0,41%"
"03.08.2023","28.702,74","28.823,85","28.829,67","28.469,81","507,53M","-0,94%"
"02.08.2023","28.974,54","29.040,27","29.186,85","28.814,76","391,62M","-1,30%"
"01.08.2023","29.356,16","29.642,17","29.757,68","29.272,87","485,04M","-0,97%"
"31.07.2023","29.644,71","29.510,40","29.712,36","29.489,59","459,72M","0,49%"
"28.07.2023","29.500,20","29.551,41","29.598,65","29.447,80","485,71M","-0,33%"
"27.07.2023","29.597,81","29.105,24","29.597,81","29.042,83","536,05M","2,13%"
"26.07.2023","28.980,45","29.101,02","29.154,17","28.778,83","410,64M","0,05%"
"25.07.2023","28.966,41","28.987,98","28.988,17","28.845,02","293,28M","0,20%"
"24.07.2023","28.908,42","28.688,30","28.912,88","28.647,68","290,90M","0,18%"
"21.07.2023","28.855,09","28.808,17","28.919,54","28.800,44","314,75M","0,14%"
"20.07.2023","28.815,75","28.633,68","28.865,60","28.630,44","374,74M","0,36%"
"19.07.2023","28.712,31","28.801,13","28.896,29","28.630,27","344,23M","0,02%"
"18.07.2023","28.706,76","28.610,72","28.723,55","28.535,02","272,96M","0,34%"
"17.07.2023","28.608,54","28.546,33","28.727,67","28.527,77","262,09M","-0,19%"
"14.07.2023","28.663,30","28.760,79","28.824,96","28.625,17","376,05M","-0,39%"
"13.07.2023","28.774,77","28.578,13","28.875,97","28.574,92","420,19M","0,78%"
"12.07.2023","28.552,18","28.184,58","28.598,99","28.171,19","457,25M","1,75%"
"11.07.2023","28.061,59","27.968,54","28.102,91","27.834,76","294,62M","0,68%"
"10.07.2023","27.872,00","27.714,74","27.997,44","27.620,12","272,18M","0,34%"
"07.07.2023","27.778,32","27.531,11","27.792,42","27.381,32","360,00M","0,99%"
"06.07.2023","27.506,91","27.991,31","28.038,18","27.419,50","474,10M","-2,53%"
"05.07.2023","28.220,18","28.271,93","28.405,23","28.184,87","368,63M","-0,59%"
"04.07.2023","28.386,88","28.502,95","28.557,61","28.382,57","354,00M","-0,21%"
"03.07.2023","28.446,90","28.379,06","28.550,30","28.369,96","396,47M","0,77%"
"30.06.2023","28.230,83","28.078,55","28.312,24","28.048,43","457,55M","1,08%"
"29.06.2023","27.928,44","27.665,79","27.964,25","27.648,09","402,88M","1,05%"
"28.06.2023","27.637,46","27.557,12","27.644,34","27.434,77","368,84M","0,86%"
"27.06.2023","27.401,09","27.397,33","27.443,41","27.178,26","355,92M","0,58%"
"26.06.2023","27.242,91","27.229,03","27.318,20","26.864,00","386,30M","0,12%"
"23.06.2023","27.209,66","27.272,13","27.328,41","27.110,65","409,20M","-0,73%"
"22.06.2023","27.410,08","27.368,04","27.509,32","27.082,87","535,75M","-0,72%"
"21.06.2023","27.609,37","27.586,18","27.731,35","27.562,51","366,78M","0,12%"
"20.06.2023","27.576,11","27.656,96","27.821,78","27.574,28","374,13M","-0,64%"
"19.06.2023","27.754,18","27.724,32","27.896,28","27.701,42","342,57M","-0,39%"
"16.06.2023","27.861,80","27.756,96","27.960,54","27.693,65","729,06M","0,47%"
"15.06.2023","27.731,78","27.725,22","27.786,53","27.552,88","371,69M","-0,28%"
"14.06.2023","27.809,09","27.578,92","27.970,21","27.565,66","503,70M","0,88%"
"13.06.2023","27.566,03","27.510,93","27.613,01","27.353,50","318,05M","0,57%"
"12.06.2023","27.410,47","27.265,93","27.469,46","27.232,14","384,61M","0,91%"
"09.06.2023","27.162,02","27.290,24","27.366,36","27.094,00","359,24M","-0,41%"
"08.06.2023","27.275,04","27.059,29","27.383,85","27.004,69","427,43M","0,81%"
"07.06.2023","27.055,50","27.012,73","27.055,50","26.778,16","369,94M","0,07%"
"06.06.2023","27.036,67","26.789,15","27.036,67","26.687,12","347,58M","0,67%"
"05.06.2023","26.856,85","27.111,30","27.111,30","26.726,37","334,21M","-0,78%"
"02.06.2023","27.068,33","26.752,17","27.105,03","26.634,41","326,74M","1,85%"
"01.06.2023","26.575,69","26.279,84","26.582,72","26.277,60","343,36M","2,01%"
"31.05.2023","26.051,33","26.394,77","26.541,82","26.000,47","839,25M","-1,97%"
"30.05.2023","26.575,76","26.578,64","26.807,45","26.507,63","283,84M","-0,16%"
"29.05.2023","26.617,35","26.876,18","26.881,26","26.502,92","239,45M","-0,36%"
"26.05.2023","26.713,40","26.510,41","26.767,95","26.178,65","412,95M","1,16%"
"25.05.2023","26.408,00","26.572,73","26.585,18","26.286,90","377,03M","-0,44%"
"24.05.2023","26.524,54","26.986,94","26.989,42","26.459,28","470,20M","-2,39%"
"23.05.2023","27.174,97","27.251,97","27.315,13","27.127,02","262,02M","-0,50%"
"22.05.2023","27.310,70","27.257,02","27.484,86","27.186,66","329,66M","-0,76%"
"19.05.2023","27.520,33","27.335,75","27.674,33","27.310,99","419,43M","1,05%"
"18.05.2023","27.235,65","27.400,53","27.587,60","27.235,65","408,35M","0,14%"
"17.05.2023","27.196,46","27.063,78","27.238,40","26.937,77","315,70M","-0,01%"
"16.05.2023","27.198,87","27.185,79","27.367,67","27.110,35","443,92M","-0,17%"
"15.05.2023","27.245,46","27.451,05","27.483,66","27.172,76","284,73M","-0,37%"
"12.05.2023","27.347,32","27.249,79","27.436,15","27.222,35","309,36M","0,92%"
"11.05.2023","27.098,89","27.315,12","27.371,31","26.896,40","454,33M","-0,61%"
"10.05.2023","27.264,77","27.439,73","27.476,45","27.172,39","570,76M","-0,43%"
"09.05.2023","27.383,53","27.445,15","27.485,79","27.205,83","355,77M","-0,16%"
"08.05.2023","27.426,23","27.374,83","27.473,85","27.311,62","347,44M","0,28%"
"05.05.2023","27.348,57","26.867,94","27.354,08","26.805,40","536,34M","2,54%"
"04.05.2023","26.670,29","26.765,64","26.800,30","26.494,76","399,24M","-0,61%"
"03.05.2023","26.835,31","26.765,42","27.002,64","26.756,76","451,22M","0,77%"
"02.05.2023","26.630,09","27.163,33","27.343,28","26.608,30","396,39M","-1,65%"
"28.04.2023","27.077,44","27.251,58","27.282,56","26.668,16","447,35M","-0,30%"
"27.04.2023","27.158,00","27.116,94","27.227,93","27.006,66","367,81M","0,19%"
"26.04.2023","27.107,51","27.101,24","27.166,78","26.852,19","448,46M","-0,54%"
"25.04.2023","27.253,48","27.395,08","27.397,36","27.161,12","383,48M","-1,03%"
"24.04.2023","27.537,07","27.407,70","27.588,08","27.375,35","401,81M","-0,75%"
"21.04.2023","27.745,81","27.624,99","27.757,12","27.482,96","680,64M","0,43%"
"20.04.2023","27.627,12","27.922,16","27.937,09","27.556,79","596,98M","-1,10%"
"19.04.2023","27.933,61","27.877,78","28.029,16","27.795,69","737,15M","0,15%"
"18.04.2023","27.891,43","27.850,73","28.007,93","27.732,15","376,61M","0,69%"
"17.04.2023","27.700,21","27.939,30","28.109,62","27.699,79","376,92M","-0,62%"
"14.04.2023","27.872,24","27.742,40","27.931,79","27.693,58","407,65M","0,89%"
"13.04.2023","27.626,61","27.684,40","27.711,32","27.509,53","389,28M","-0,01%"
"12.04.2023","27.629,34","27.533,43","27.951,52","27.518,25","386,92M","0,38%"
"11.04.2023","27.525,51","27.432,65","27.525,51","27.362,92","358,70M","1,15%"
"06.04.2023","27.213,86","26.956,98","27.221,75","26.951,94","344,86M","1,29%"
"05.04.2023","26.867,39","27.020,02","27.081,80","26.782,98","383,44M","-0,59%"
"04.04.2023","27.026,56","27.250,27","27.342,96","27.013,19","417,32M","-0,56%"
"03.04.2023","27.179,37","27.183,07","27.314,57","27.155,88","417,51M","0,24%"
"31.03.2023","27.113,95","27.023,12","27.185,76","26.882,63","389,51M","0,34%"
"30.03.2023","27.021,04","26.888,82","27.107,79","26.856,93","375,51M","1,05%"
"29.03.2023","26.739,01","26.459,84","26.741,30","26.419,72","371,53M","1,56%"
"28.03.2023","26.329,46","26.482,93","26.498,58","26.161,00","362,88M","0,47%"
"27.03.2023","26.206,67","26.273,57","26.349,22","25.997,99","324,45M","1,21%"
"24.03.2023","25.892,18","26.291,66","26.310,73","25.708,62","537,97M","-2,23%"
"23.03.2023","26.482,21","26.457,86","26.606,75","26.248,24","394,82M","-0,16%"
"22.03.2023","26.523,33","26.518,52","26.678,40","26.439,12","373,50M","-0,12%"
"21.03.2023","26.554,33","26.184,50","26.694,37","26.169,41","547,71M","2,53%"
"20.03.2023","25.899,57","25.246,01","25.999,97","24.751,07","764,80M","1,59%"
"17.03.2023","25.494,54","26.144,67","26.372,42","25.330,39","1,05B","-1,64%"
"16.03.2023","25.918,76","25.979,72","26.175,46","25.305,52","674,23M","1,38%"
"15.03.2023","25.565,84","26.694,86","26.859,67","25.513,32","834,01M","-4,61%"
"14.03.2023","26.800,98","26.195,93","26.844,16","26.086,84","595,70M","2,36%"
"13.03.2023","26.183,54","27.201,56","27.201,56","25.994,81","913,69M","-4,03%"
"10.03.2023","27.281,96","27.139,99","27.319,71","26.981,79","511,91M","-1,55%"
"09.03.2023","27.710,53","27.918,57","27.948,68","27.559,28","401,79M","-0,72%"
"08.03.2023","27.911,52","27.668,71","27.922,03","27.664,13","385,01M","0,54%"
"07.03.2023","27.761,57","27.888,30","28.017,76","27.756,64","441,74M","-0,67%"
"06.03.2023","27.949,29","27.947,98","28.049,84","27.827,85","554,47M","0,45%"
"03.03.2023","27.825,08","27.572,07","27.839,11","27.560,52","428,05M","1,56%"
"02.03.2023","27.397,60","27.233,86","27.426,28","27.035,97","371,83M","0,30%"
"01.03.2023","27.315,08","27.560,73","27.704,80","27.275,43","583,40M","-0,59%"
"28.02.2023","27.478,37","27.345,22","27.654,75","27.252,71","775,33M","0,12%"
"27.02.2023","27.444,31","27.215,07","27.541,64","27.202,03","491,99M","1,70%"
"24.02.2023","26.986,35","27.376,86","27.413,24","26.960,65","531,51M","-1,07%"
"23.02.2023","27.277,62","27.180,71","27.449,23","27.131,50","560,13M","0,65%"
"22.02.2023","27.101,53","27.362,10","27.388,74","26.867,50","672,42M","-1,12%"
"21.02.2023","27.409,34","27.523,97","27.575,46","27.156,76","542,32M","-0,68%"
"20.02.2023","27.597,01","27.843,31","27.851,56","27.589,61","553,06M","-0,56%"
"17.02.2023","27.751,14","27.690,70","27.857,16","27.473,73","790,20M","-0,37%"
"16.02.2023","27.853,74","27.685,30","27.876,22","27.611,56","611,55M","1,16%"
"15.02.2023","27.533,69","27.482,70","27.585,39","27.425,76","541,96M","0,13%"
"14.02.2023","27.498,26","27.507,70","27.680,63","27.438,08","520,30M","0,22%"
"13.02.2023","27.438,61","27.348,90","27.457,51","27.284,60","634,15M","0,63%"
"10.02.2023","27.268,17","27.442,54","27.563,34","27.095,43","555,25M","-0,86%"
"09.02.2023","27.503,75","27.314,56","27.583,51","27.311,92","730,84M","1,26%"
"08.02.2023","27.160,73","27.290,02","27.377,01","27.160,73","668,22M","0,15%"
"07.02.2023","27.118,74","27.105,03","27.218,87","27.022,46","705,68M","0,36%"
"06.02.2023","27.022,33","26.800,21","27.022,33","26.692,35","664,29M","0,27%"
"03.02.2023","26.950,74","26.988,75","27.014,92","26.703,26","676,43M","-0,55%"
"02.02.2023","27.100,62","26.851,16","27.132,80","26.831,63","981,75M","1,49%"
"01.02.2023","26.703,87","26.708,34","26.827,09","26.627,10","576,84M","0,39%"
"31.01.2023","26.599,74","26.346,86","26.622,96","26.245,47","695,31M","1,00%"
"30.01.2023","26.335,98","26.384,84","26.438,54","26.274,78","656,15M","-0,38%"
"27.01.2023","26.435,75","26.251,82","26.473,23","26.196,57","408,99M","0,83%"
"26.01.2023","26.217,56","26.012,99","26.217,56","25.979,56","428,51M","1,32%"
"25.01.2023","25.875,30","25.902,43","25.917,32","25.715,17","365,69M","-0,03%"
"24.01.2023","25.884,31","25.908,74","25.929,73","25.735,41","404,31M","0,24%"
"23.01.2023","25.821,45","25.827,19","25.897,17","25.618,25","393,54M","0,18%"
"20.01.2023","25.775,52","25.766,18","25.833,94","25.690,15","448,72M","0,70%"
"19.01.2023","25.596,28","25.943,35","25.976,05","25.596,28","502,67M","-1,75%"
"18.01.2023","26.052,39","26.013,91","26.149,47","25.950,55","492,96M","0,27%"
"17.01.2023","25.981,19","25.915,13","26.072,47","25.703,84","553,27M","0,31%"
"16.01.2023","25.901,33","25.874,74","25.932,99","25.753,44","453,73M","0,46%"
"13.01.2023","25.783,48","25.746,91","25.861,15","25.650,84","401,81M","0,19%"
"12.01.2023","25.733,96","25.613,23","25.802,58","25.558,69","567,19M","0,73%"
"11.01.2023","25.546,86","25.403,69","25.603,16","25.314,21","545,45M","0,72%"
"10.01.2023","25.364,61","25.291,96","25.389,96","25.244,14","446,23M","-0,08%"
"09.01.2023","25.385,09","25.210,14","25.454,86","25.195,19","594,61M","0,81%"
"06.01.2023","25.180,35","24.934,01","25.180,35","24.821,37","425,17M","1,40%"
"05.01.2023","24.832,70","24.804,54","24.939,26","24.758,96","318,48M","-0,11%"
"04.01.2023","24.860,56","24.532,18","24.920,40","24.484,29","597,64M","1,74%"
"03.01.2023","24.436,47","24.164,72","24.611,64","24.111,24","460,54M","1,15%"
"02.01.2023","24.158,28","23.868,50","24.158,28","23.861,97","273,45M","1,90%"
"30.12.2022","23.706,96","23.924,00","23.956,21","23.702,20","252,89M","-1,45%"
"29.12.2022","24.056,55","23.688,99","24.064,64","23.645,00","287,29M","1,20%"
"28.12.2022","23.770,44","23.849,55","23.913,47","23.721,01","283,94M","-0,36%"
"27.12.2022","23.855,86","24.033,41","24.081,45","23.807,83","216,14M","-0,09%"
"23.12.2022","23.877,55","23.830,13","23.938,36","23.772,87","253,04M","0,27%"
"22.12.2022","23.813,30","24.126,21","24.191,81","23.786,29","280,81M","-1,24%"
"21.12.2022","24.111,97","23.820,00","24.111,97","23.757,35","332,79M","1,66%"
"20.12.2022","23.718,25","23.411,09","23.758,60","23.353,17","371,10M","0,15%"
"19.12.2022","23.683,54","23.764,54","23.911,84","23.660,58","335,97M","-0,02%"
"16.12.2022","23.688,16","23.738,67","23.814,76","23.505,34","668,73M","-0,16%"
"15.12.2022","23.726,05","24.423,79","24.480,57","23.726,05","568,09M","-3,45%"
"14.12.2022","24.573,93","24.588,27","24.666,68","24.514,09","314,55M","-0,26%"
"13.12.2022","24.636,94","24.396,00","24.899,20","24.292,39","464,19M","1,37%"
"12.12.2022","24.303,68","24.173,20","24.352,55","24.132,58","345,23M","0,11%"
"09.12.2022","24.277,49","24.333,38","24.333,38","23.940,98","396,14M","0,29%"
"08.12.2022","24.207,42","24.277,60","24.299,84","24.103,31","243,50M","-0,14%"
"07.12.2022","24.241,35","24.255,86","24.428,77","24.155,42","317,70M","-0,10%"
"06.12.2022","24.265,45","24.511,16","24.582,29","24.265,45","463,52M","-1,15%"
"05.12.2022","24.547,84","24.606,70","24.674,02","24.495,36","271,91M","-0,30%"
"02.12.2022","24.621,72","24.625,37","24.701,67","24.414,63","354,86M","-0,26%"
"01.12.2022","24.685,67","24.805,53","24.857,02","24.598,67","619,55M","0,31%"
"30.11.2022","24.610,29","24.585,40","24.685,00","24.474,55","681,50M","0,59%"
"29.11.2022","24.465,95","24.532,99","24.562,38","24.252,57","359,52M","0,10%"
"28.11.2022","24.440,88","24.556,57","24.600,04","24.407,48","377,82M","-1,12%"
"25.11.2022","24.718,81","24.744,49","24.803,45","24.655,94","255,54M","-0,05%"
"24.11.2022","24.730,89","24.634,30","24.761,27","24.593,41","311,23M","0,61%"
"23.11.2022","24.581,14","24.612,91","24.612,91","24.398,94","427,04M","-0,04%"
"22.11.2022","24.590,50","24.456,20","24.656,77","24.351,30","356,51M","0,96%"
"21.11.2022","24.356,05","24.509,40","24.567,07","24.315,47","442,47M","-1,29%"
"18.11.2022","24.675,18","24.501,35","24.700,21","24.421,76","568,16M","1,38%"
"17.11.2022","24.339,67","24.626,00","24.679,80","24.184,06","465,80M","-0,78%"
"16.11.2022","24.531,27","24.724,89","24.759,24","24.514,40","483,66M","-0,68%"
"15.11.2022","24.699,75","24.672,73","24.764,28","24.498,49","499,69M","0,42%"
"14.11.2022","24.596,69","24.582,83","24.725,05","24.512,41","394,24M","0,58%"
"11.11.2022","24.455,57","24.539,20","24.676,07","24.401,69","634,19M","0,25%"
"10.11.2022","24.394,28","23.669,64","24.440,11","23.668,79","824,96M","2,58%"
"09.11.2022","23.780,07","23.697,12","23.847,33","23.626,45","463,54M","0,36%"
"08.11.2022","23.694,17","23.430,78","23.731,73","23.378,27","731,29M","0,86%"
"07.11.2022","23.493,00","23.185,82","23.525,01","23.158,32","692,04M","0,90%"
"04.11.2022","23.282,46","22.815,31","23.392,21","22.653,40","691,06M","2,54%"
"03.11.2022","22.706,02","22.564,80","22.706,02","22.507,35","493,26M","-0,43%"
"02.11.2022","22.802,97","22.865,14","22.970,36","22.778,13","512,25M","0,03%"
"01.11.2022","22.795,64","22.859,53","23.101,58","22.730,02","467,68M","0,63%"
"31.10.2022","22.652,11","22.604,33","22.725,16","22.459,18","376,56M","0,55%"
"28.10.2022","22.529,20","22.384,74","22.560,23","22.254,88","393,45M","-0,27%"
"27.10.2022","22.590,41","22.284,57","22.633,89","22.187,62","598,07M","0,90%"
"26.10.2022","22.389,78","22.243,90","22.405,47","22.130,10","402,73M","0,45%"
"25.10.2022","22.289,85","22.084,71","22.289,85","21.857,94","416,22M","1,40%"
"24.10.2022","21.982,95","21.756,99","22.140,99","21.570,50","425,39M","1,93%"
"21.10.2022","21.567,55","21.508,67","21.643,43","21.261,47","358,44M","-0,62%"
"20.10.2022","21.701,50","21.464,58","21.753,75","21.397,88","380,20M","1,07%"
"19.10.2022","21.472,11","21.636,69","21.656,92","21.398,47","317,85M","-0,22%"
"18.10.2022","21.518,78","21.514,26","21.827,57","21.503,34","544,12M","0,93%"
"17.10.2022","21.319,73","20.977,80","21.389,58","20.855,72","329,69M","1,86%"
"14.10.2022","20.930,81","21.104,90","21.308,96","20.901,66","435,45M","0,70%"
"13.10.2022","20.785,82","20.408,33","20.825,69","20.191,69","458,58M","1,56%"
"12.10.2022","20.466,77","20.704,73","20.755,21","20.420,83","377,39M","-1,27%"
"11.10.2022","20.730,50","20.719,90","20.798,56","20.502,43","455,46M","-0,87%"
"10.10.2022","20.912,96","20.732,07","20.974,50","20.717,59","368,00M","0,05%"
"07.10.2022","20.901,56","21.026,60","21.255,06","20.862,07","342,34M","-1,13%"
"06.10.2022","21.140,55","21.462,93","21.499,72","21.043,44","397,96M","-1,03%"
"05.10.2022","21.360,72","21.545,56","21.620,00","21.177,04","402,02M","-1,52%"
"04.10.2022","21.690,65","21.268,01","21.690,65","21.206,83","403,94M","3,42%"
"03.10.2022","20.972,57","20.474,53","20.972,57","20.360,70","400,94M","1,57%"
"30.09.2022","20.648,85","20.482,10","20.692,23","20.415,57","467,35M","1,45%"
"29.09.2022","20.352,98","20.836,97","20.847,83","20.183,45","437,74M","-2,40%"
"28.09.2022","20.852,67","20.767,88","20.906,32","20.481,73","509,55M","-0,52%"
"27.09.2022","20.961,38","21.395,62","21.493,12","20.961,38","527,97M","-1,16%"
"26.09.2022","21.207,25","20.953,65","21.389,07","20.953,65","472,34M","0,67%"
"23.09.2022","21.066,55","21.741,41","21.759,37","21.040,03","500,23M","-3,36%"
"22.09.2022","21.799,11","21.708,67","22.185,70","21.681,84","433,77M","-1,07%"
"21.09.2022","22.035,81","21.620,33","22.035,81","21.615,42","395,91M","1,20%"
"20.09.2022","21.773,75","22.272,85","22.367,24","21.730,24","527,30M","-1,66%"
"19.09.2022","22.140,73","22.039,81","22.265,50","21.774,12","423,06M","0,13%"
"16.09.2022","22.110,89","22.077,36","22.224,34","21.895,51","995,12M","-1,14%"
"15.09.2022","22.365,82","22.418,21","22.572,84","22.280,87","465,28M","-0,21%"
"14.09.2022","22.413,46","22.211,13","22.501,71","22.201,89","386,90M","0,49%"
"13.09.2022","22.303,86","22.698,90","22.881,81","22.303,86","503,46M","-1,36%"
"12.09.2022","22.610,40","22.227,24","22.668,16","22.217,73","482,36M","2,33%"
"09.09.2022","22.094,56","21.764,94","22.166,55","21.759,00","538,14M","1,92%"
"08.09.2022","21.678,08","21.616,48","21.728,24","21.203,02","577,41M","0,88%"
"07.09.2022","21.489,36","21.317,88","21.545,34","21.283,18","481,17M","0,04%"
"06.09.2022","21.480,61","21.479,36","21.625,91","21.316,67","296,13M","0,00%"
"05.09.2022","21.480,19","21.449,01","21.553,32","21.269,57","346,17M","-2,01%"
"02.09.2022","21.921,26","21.422,95","21.947,02","21.375,58","375,06M","2,91%"
"01.09.2022","21.302,16","21.337,51","21.446,54","21.223,47","337,34M","-1,19%"
"31.08.2022","21.559,32","21.951,70","21.993,82","21.559,32","467,51M","-1,22%"
"30.08.2022","21.825,22","21.960,23","22.229,19","21.759,84","405,27M","-0,08%"
"29.08.2022","21.841,88","21.663,96","21.903,78","21.538,53","311,26M","-0,24%"
"26.08.2022","21.895,25","22.556,32","22.565,43","21.888,34","381,93M","-2,49%"
"25.08.2022","22.454,43","22.580,92","22.607,32","22.319,18","422,05M","0,10%"
"24.08.2022","22.431,47","22.299,97","22.466,13","22.134,05","339,36M","0,23%"
"23.08.2022","22.380,06","22.069,87","22.475,01","22.041,52","428,46M","0,97%"
"22.08.2022","22.165,66","22.356,43","22.433,04","22.042,09","416,38M","-1,64%"
"19.08.2022","22.534,57","22.891,09","22.931,40","22.522,49","354,85M","-1,96%"
"18.08.2022","22.985,70","22.788,13","22.985,70","22.786,32","267,31M","1,00%"
"17.08.2022","22.757,81","23.090,61","23.153,82","22.726,49","306,88M","-1,04%"
"16.08.2022","22.997,83","23.083,26","23.153,68","22.961,54","335,46M","0,12%"
"12.08.2022","22.970,73","22.869,05","23.015,45","22.865,82","432,56M","0,49%"
"11.08.2022","22.858,18","22.814,26","22.870,02","22.755,36","277,06M","0,69%"
"10.08.2022","22.702,44","22.418,92","22.733,01","22.354,02","279,04M","0,95%"
"09.08.2022","22.488,49","22.728,09","22.770,86","22.469,68","288,70M","-1,05%"
"08.08.2022","22.727,94","22.721,97","22.827,98","22.559,87","292,73M","0,62%"
"05.08.2022","22.586,88","22.677,03","22.732,03","22.499,65","401,95M","-0,26%"
"04.08.2022","22.645,84","22.650,38","22.879,89","22.589,57","456,26M","0,31%"
"03.08.2022","22.574,90","22.374,68","22.581,15","22.300,29","427,58M","1,00%"
"02.08.2022","22.351,02","22.386,03","22.402,39","22.156,37","345,53M","-0,35%"
"01.08.2022","22.429,47","22.487,91","22.808,20","22.429,47","385,20M","0,11%"
"29.07.2022","22.405,48","22.196,54","22.494,08","22.119,54","526,84M","2,16%"
"28.07.2022","21.932,06","21.700,42","21.932,06","21.636,19","419,82M","2,10%"
"27.07.2022","21.480,70","21.291,66","21.497,83","21.252,41","393,25M","1,52%"
"26.07.2022","21.159,98","21.350,81","21.371,04","21.146,17","377,53M","-1,04%"
"25.07.2022","21.382,71","21.152,62","21.413,62","21.115,01","370,61M","0,80%"
"22.07.2022","21.211,98","21.165,04","21.385,17","21.093,98","446,86M","0,07%"
"21.07.2022","21.196,59","20.918,00","21.322,81","20.724,86","724,20M","-0,71%"
"20.07.2022","21.348,42","21.770,96","21.841,55","21.206,89","520,75M","-1,60%"
"19.07.2022","21.696,20","21.003,45","21.704,78","21.002,38","470,56M","2,49%"
"18.07.2022","21.169,12","20.933,26","21.294,34","20.931,05","420,23M","1,13%"
"15.07.2022","20.933,26","20.568,47","20.977,18","20.469,13","554,13M","1,84%"
"14.07.2022","20.554,33","21.142,58","21.168,98","20.420,57","569,35M","-3,44%"
"13.07.2022","21.286,33","21.404,62","21.431,42","21.038,80","362,06M","-0,93%"
"12.07.2022","21.485,70","21.414,24","21.511,14","21.285,38","452,47M","-0,38%"
"11.07.2022","21.567,70","21.454,50","21.771,82","21.433,66","367,31M","-0,95%"
"08.07.2022","21.774,18","21.540,63","21.838,99","21.476,32","353,31M","1,00%"
"07.07.2022","21.558,07","21.190,46","21.581,00","21.144,35","451,76M","3,05%"
"06.07.2022","20.920,99","20.996,82","21.053,53","20.742,77","383,26M","1,04%"
"05.07.2022","20.705,06","21.479,42","21.479,42","20.698,58","416,46M","-2,99%"
"04.07.2022","21.343,93","21.502,87","21.565,92","21.318,44","311,48M","-0,05%"
"01.07.2022","21.354,65","21.067,45","21.547,37","21.023,94","376,54M","0,29%"
"30.06.2022","21.293,86","21.495,06","21.566,44","21.141,06","522,74M","-2,47%"
"29.06.2022","21.833,50","21.861,50","21.974,57","21.744,26","282,03M","-1,21%"
"28.06.2022","22.101,23","22.064,97","22.283,11","22.026,43","307,07M","0,79%"
"27.06.2022","21.928,81","22.219,46","22.348,52","21.838,75","343,81M","-0,86%"
"24.06.2022","22.119,20","21.699,97","22.159,69","21.592,76","363,74M","2,33%"
"23.06.2022","21.615,00","21.694,16","21.967,94","21.451,79","471,40M","-0,80%"
"22.06.2022","21.788,57","21.719,22","21.934,99","21.502,21","333,71M","-1,36%"
"21.06.2022","22.089,41","22.076,79","22.293,73","22.025,63","316,45M","0,39%"
"20.06.2022","22.004,05","21.844,61","22.032,13","21.722,93","313,11M","0,99%"
"17.06.2022","21.788,87","21.748,46","22.224,27","21.737,10","670,78M","0,29%"
"16.06.2022","21.726,64","22.347,43","22.397,22","21.723,03","431,05M","-3,32%"
"15.06.2022","22.473,56","22.213,54","22.599,23","22.078,57","483,97M","2,87%"
"14.06.2022","21.846,89","22.107,28","22.166,13","21.615,62","407,28M","-0,32%"
"13.06.2022","21.918,04","22.106,01","22.255,29","21.796,67","511,75M","-2,79%"
"10.06.2022","22.547,48","23.619,31","23.625,87","22.544,50","732,03M","-5,17%"
"09.06.2022","23.776,97","24.077,24","24.196,04","23.641,16","355,82M","-1,90%"
"08.06.2022","24.236,67","24.417,73","24.445,12","24.101,40","281,02M","-0,53%"
"07.06.2022","24.366,19","24.445,59","24.462,70","24.209,07","300,17M","-0,81%"
"06.06.2022","24.565,67","24.351,70","24.648,88","24.346,87","252,54M","1,65%"
"03.06.2022","24.166,66","24.564,68","24.574,89","24.113,40","243,31M","-1,06%"
"02.06.2022","24.426,50","24.381,71","24.447,94","24.286,67","198,46M","0,59%"
"01.06.2022","24.283,56","24.656,86","24.694,59","24.229,71","361,43M","-0,90%"
"31.05.2022","24.505,08","24.729,70","24.788,35","24.453,08","667,81M","-1,22%"
"30.05.2022","24.808,65","24.771,56","24.835,46","24.674,67","364,63M","0,70%"
"27.05.2022","24.636,26","24.636,40","24.672,67","24.444,63","284,74M","0,37%"
"26.05.2022","24.546,50","24.284,20","24.571,88","24.210,99","272,71M","1,22%"
"25.05.2022","24.250,45","24.089,01","24.291,16","23.854,21","352,80M","1,57%"
"24.05.2022","23.876,08","23.889,99","24.082,05","23.797,41","358,77M","-1,08%"
"23.05.2022","24.136,56","24.050,06","24.136,56","23.777,87","342,16M","0,17%"
"20.05.2022","24.095,00","24.224,05","24.543,46","24.035,48","396,64M","0,12%"
"19.05.2022","24.065,05","23.876,94","24.070,08","23.719,50","340,80M","-0,09%"
"18.05.2022","24.085,82","24.338,32","24.387,63","24.060,80","344,06M","-0,89%"
"17.05.2022","24.301,65","24.229,71","24.474,68","24.167,90","363,43M","1,12%"
"16.05.2022","24.033,05","23.978,54","24.148,94","23.869,03","321,86M","-0,06%"
"13.05.2022","24.048,29","23.767,76","24.048,29","23.668,50","364,91M","2,05%"
"12.05.2022","23.566,23","23.309,68","23.706,74","23.218,73","424,18M","-0,67%"
"11.05.2022","23.724,20","23.275,63","23.724,20","23.152,17","471,12M","2,84%"
"10.05.2022","23.069,78","23.085,40","23.378,43","23.021,40","429,97M","1,04%"
"09.05.2022","22.832,56","23.419,35","23.541,59","22.832,56","400,32M","-2,74%"
"06.05.2022","23.475,72","23.688,42","23.813,92","23.356,49","484,07M","-1,20%"
"05.05.2022","23.759,71","24.349,20","24.440,92","23.694,74","481,45M","-0,60%"
"04.05.2022","23.902,06","24.264,95","24.304,47","23.893,80","364,54M","-1,40%"
"03.05.2022","24.242,25","24.034,67","24.242,25","23.951,47","358,18M","1,61%"
"02.05.2022","23.857,23","24.042,12","24.120,87","23.320,09","349,57M","-1,63%"
"29.04.2022","24.252,16","24.313,44","24.408,73","24.128,52","357,50M","0,82%"
"28.04.2022","24.055,56","24.039,57","24.247,84","23.835,04","330,00M","0,95%"
"27.04.2022","23.830,11","23.701,93","23.887,14","23.304,27","394,77M","0,63%"
"26.04.2022","23.681,76","24.150,12","24.153,16","23.679,01","359,11M","-0,95%"
"25.04.2022","23.908,55","23.887,77","24.108,19","23.733,74","358,46M","-1,53%"
"22.04.2022","24.279,63","24.442,34","24.600,98","24.261,03","443,87M","-2,12%"
"21.04.2022","24.805,62","24.873,00","24.983,63","24.805,62","361,96M","-0,29%"
"20.04.2022","24.878,23","24.660,72","24.928,46","24.606,26","370,91M","1,03%"
"19.04.2022","24.624,41","24.581,06","24.675,24","24.354,89","359,74M","-0,96%"
"14.04.2022","24.862,35","24.783,85","24.943,35","24.658,67","423,37M","0,57%"
"13.04.2022","24.722,16","24.588,22","24.722,16","24.512,88","398,77M","0,22%"
"12.04.2022","24.667,27","24.458,94","24.809,59","24.335,63","427,74M","-0,33%"
"11.04.2022","24.749,49","24.773,86","24.980,90","24.605,94","372,62M","-0,28%"
"08.04.2022","24.819,15","24.667,19","24.844,32","24.616,28","500,05M","2,13%"
"07.04.2022","24.302,71","24.525,61","24.912,92","24.275,58","464,48M","-0,59%"
"06.04.2022","24.447,36","24.916,23","25.015,92","24.191,30","525,44M","-2,06%"
"05.04.2022","24.960,38","25.164,81","25.280,45","24.853,23","445,47M","-0,86%"
"04.04.2022","25.175,86","25.202,13","25.240,07","24.906,17","540,35M","0,05%"
"01.04.2022","25.163,30","25.054,58","25.296,51","24.949,75","640,71M","0,57%"
"31.03.2022","25.021,26","25.336,16","25.367,40","25.021,26","698,47M","-1,10%"
"30.03.2022","25.300,25","25.221,07","25.358,04","25.064,84","760,81M","-0,03%"
"29.03.2022","25.307,98","25.026,44","25.505,68","24.915,66","684,78M","2,41%"
"28.03.2022","24.712,60","24.593,89","25.093,16","24.579,72","562,47M","0,63%"
"25.03.2022","24.558,74","24.438,70","24.673,51","24.336,86","637,52M","0,64%"
"24.03.2022","24.401,48","24.357,21","24.552,28","24.275,68","817,46M","0,42%"
"23.03.2022","24.298,66","24.641,28","24.643,79","24.224,89","487,12M","-0,96%"
"22.03.2022","24.533,84","24.402,45","24.594,58","24.367,52","355,88M","0,98%"
"21.03.2022","24.294,71","24.164,57","24.495,50","24.162,56","429,35M","0,30%"
"18.03.2022","24.222,16","24.204,77","24.261,68","23.827,42","790,51M","0,41%"
"17.03.2022","24.123,58","24.380,25","24.460,37","23.846,35","649,61M","-0,66%"
"16.03.2022","24.284,85","24.035,86","24.452,90","23.975,29","753,73M","3,34%"
"15.03.2022","23.499,86","23.225,82","23.595,19","22.928,77","553,96M","0,31%"
"14.03.2022","23.426,70","23.325,39","23.617,72","23.240,88","730,12M","1,67%"
"11.03.2022","23.041,20","23.035,50","23.706,56","22.778,29","860,17M","0,68%"
"10.03.2022","22.886,69","23.925,68","23.978,59","22.829,51","932,54M","-4,20%"
"09.03.2022","23.889,49","22.855,93","23.889,49","22.762,98","984,42M","6,94%"
"08.03.2022","22.338,13","21.888,56","22.987,83","21.886,70","1,03B","0,80%"
"07.03.2022","22.160,28","21.913,41","22.761,43","21.060,07","1,47B","-1,36%"
"04.03.2022","22.464,86","23.718,41","23.745,87","22.464,86","1,22B","-6,24%"
"03.03.2022","23.958,83","24.597,08","24.742,96","23.907,59","1,02B","-2,35%"
"02.03.2022","24.534,33","24.270,16","24.708,79","23.967,11","749,02M","0,70%"
"01.03.2022","24.363,56","25.399,77","25.630,01","24.363,56","824,20M","-4,14%"
"28.02.2022","25.415,89","25.207,80","25.479,38","24.953,21","760,48M","-1,39%"
"25.02.2022","25.773,03","25.136,59","25.803,03","24.796,63","669,51M","3,59%"
"24.02.2022","24.879,88","25.486,34","25.544,85","24.507,08","871,84M","-4,14%"
"23.02.2022","25.955,08","26.172,85","26.383,63","25.917,30","416,54M","-0,34%"
"22.02.2022","26.043,96","25.329,73","26.221,98","25.329,21","491,92M","-0,02%"
"21.02.2022","26.050,03","26.678,06","26.702,90","25.848,05","357,60M","-1,72%"
"18.02.2022","26.506,79","26.761,68","26.832,10","26.420,47","337,14M","-0,61%"
"17.02.2022","26.669,27","26.944,03","27.025,11","26.562,38","398,07M","-1,11%"
"16.02.2022","26.969,32","27.065,71","27.160,59","26.779,06","418,12M","0,00%"
"15.02.2022","26.967,98","26.339,22","26.973,61","26.303,45","488,41M","2,09%"
"14.02.2022","26.415,41","26.334,10","26.506,93","25.893,78","620,99M","-2,04%"
"11.02.2022","26.966,10","26.850,10","27.047,38","26.740,91","491,66M","-0,82%"
"10.02.2022","27.190,20","27.215,84","27.353,61","26.966,30","591,66M","0,23%"
"09.02.2022","27.128,99","26.642,07","27.128,99","26.641,12","577,21M","2,72%"
"08.02.2022","26.411,73","26.335,30","26.658,92","26.202,34","522,51M","0,31%"
"07.02.2022","26.328,93","26.719,97","26.748,75","26.144,30","494,42M","-1,03%"
"04.02.2022","26.603,59","27.261,04","27.266,98","26.514,38","501,40M","-1,79%"
"03.02.2022","27.088,96","27.371,79","27.380,12","27.062,09","442,17M","-1,09%"
"02.02.2022","27.388,73","27.341,98","27.549,62","27.318,12","464,18M","0,60%"
"01.02.2022","27.224,89","27.023,82","27.224,89","26.998,79","485,08M","1,53%"
"31.01.2022","26.814,05","27.055,16","27.060,44","26.647,81","528,60M","0,94%"
"28.01.2022","26.565,41","26.841,65","26.866,00","26.293,32","402,47M","-1,18%"
"27.01.2022","26.882,47","26.294,43","27.040,35","26.257,67","460,39M","0,99%"
"26.01.2022","26.619,25","26.224,73","26.656,57","26.198,86","410,53M","2,27%"
"25.01.2022","26.028,89","26.185,99","26.273,64","25.784,68","401,99M","0,22%"
"24.01.2022","25.972,90","26.879,94","26.989,61","25.801,95","493,97M","-4,02%"
"21.01.2022","27.061,40","27.171,82","27.315,69","26.807,05","434,45M","-1,84%"
"20.01.2022","27.570,00","27.428,86","27.570,00","27.315,72","465,54M","0,73%"
"19.01.2022","27.370,85","27.326,72","27.563,03","27.221,24","490,32M","-0,41%"
"18.01.2022","27.483,28","27.579,05","27.584,79","27.304,60","481,75M","-0,74%"
"17.01.2022","27.688,56","27.678,41","27.705,10","27.574,30","356,54M","0,52%"
"14.01.2022","27.543,96","27.597,81","27.737,45","27.421,76","406,16M","-1,08%"
"13.01.2022","27.844,45","27.676,47","27.900,00","27.661,98","351,02M","0,47%"
"12.01.2022","27.714,26","27.693,06","27.727,00","27.507,67","453,72M","0,65%"
"11.01.2022","27.535,48","27.550,65","27.642,38","27.445,84","281,27M","0,66%"
"10.01.2022","27.353,71","27.778,95","27.803,14","27.273,14","352,26M","-0,96%"
"07.01.2022","27.618,47","27.776,07","27.853,35","27.448,69","389,94M","-0,13%"
"06.01.2022","27.655,69","27.738,35","27.942,06","27.600,78","413,53M","-1,80%"
"05.01.2022","28.162,67","28.002,43","28.212,68","27.951,11","459,31M","0,74%"
"04.01.2022","27.954,84","27.897,21","28.083,89","27.752,77","427,31M","0,81%"
"03.01.2022","27.730,32","27.408,89","27.779,28","27.408,60","403,41M","1,40%"
"30.12.2021","27.346,83","27.354,29","27.415,25","27.307,56","198,00M","0,01%"
"29.12.2021","27.344,25","27.460,68","27.467,26","27.259,84","209,81M","-0,37%"
"28.12.2021","27.444,93","27.274,91","27.496,55","27.274,35","238,40M","0,78%"
"27.12.2021","27.231,20","26.942,40","27.251,91","26.925,02","196,46M","0,80%"
"23.12.2021","27.016,22","26.886,18","27.022,82","26.814,48","218,45M","0,70%"
"22.12.2021","26.827,93","26.667,18","26.827,93","26.541,23","282,84M","0,66%"
"21.12.2021","26.653,30","26.431,10","26.653,30","26.298,91","259,08M","1,82%"
"20.12.2021","26.177,76","26.004,91","26.245,99","25.783,03","381,44M","-1,63%"
"17.12.2021","26.611,41","26.588,67","26.680,94","26.351,99","574,74M","-0,64%"
"16.12.2021","26.782,44","27.040,66","27.040,66","26.706,76","503,57M","0,44%"
"15.12.2021","26.666,08","26.660,82","26.782,64","26.613,27","396,49M","0,41%"
"14.12.2021","26.556,67","26.653,90","26.747,48","26.521,16","394,02M","0,02%"
"13.12.2021","26.551,02","26.795,33","26.946,55","26.512,73","408,16M","-0,64%"
"10.12.2021","26.721,98","26.664,64","26.905,68","26.660,17","341,54M","-0,36%"
"09.12.2021","26.817,38","26.786,82","26.896,44","26.689,56","436,60M","0,24%"
"08.12.2021","26.751,93","27.041,15","27.155,94","26.751,93","363,89M","-1,42%"
"07.12.2021","27.137,98","26.725,31","27.170,89","26.715,35","419,09M","2,41%"
"06.12.2021","26.498,07","26.152,73","26.525,84","26.035,81","443,85M","2,16%"
"03.12.2021","25.938,52","26.233,11","26.283,98","25.825,85","456,42M","-0,26%"
"02.12.2021","26.005,40","26.100,44","26.235,75","25.882,95","519,69M","-1,39%"
"01.12.2021","26.371,92","26.039,43","26.426,06","25.986,94","501,59M","2,16%"
"30.11.2021","25.814,34","25.658,75","26.084,74","25.517,71","795,73M","-0,87%"
"29.11.2021","26.041,55","26.226,88","26.329,94","25.967,37","584,95M","0,73%"
"26.11.2021","25.852,99","26.303,18","26.442,80","25.852,99","903,00M","-4,60%"
"25.11.2021","27.098,83","27.215,71","27.301,51","27.041,62","1,05B","-0,04%"
"24.11.2021","27.109,30","27.013,40","27.147,62","26.797,45","1,72B","0,63%"
"23.11.2021","26.939,40","27.157,62","27.252,15","26.912,45","1,18B","-1,62%"
"22.11.2021","27.382,87","27.272,87","27.440,14","27.199,08","2,02B","0,17%"
"19.11.2021","27.337,46","27.754,60","27.817,18","27.163,99","795,92M","-1,17%"
"18.11.2021","27.661,82","27.815,58","27.873,87","27.595,19","370,51M","-0,59%"
"17.11.2021","27.824,94","27.840,26","27.884,21","27.779,82","415,45M","0,07%"
"16.11.2021","27.804,93","27.932,04","27.968,91","27.801,06","510,25M","-0,23%"
"15.11.2021","27.868,13","27.700,98","27.877,89","27.680,14","442,42M","0,49%"
"12.11.2021","27.732,39","27.639,31","27.736,53","27.578,90","480,49M","0,36%"
"11.11.2021","27.633,20","27.535,33","27.653,98","27.480,65","312,14M","0,26%"
"10.11.2021","27.561,00","27.527,34","27.601,26","27.418,26","397,43M","0,44%"
"09.11.2021","27.441,27","27.661,66","27.718,56","27.441,27","364,22M","-0,97%"
"08.11.2021","27.711,09","27.809,41","27.832,54","27.711,09","492,96M","-0,31%"
"05.11.2021","27.795,93","27.525,92","27.866,87","27.520,63","755,31M","1,00%"
"04.11.2021","27.522,05","27.517,71","27.550,29","27.404,89","620,75M","0,53%"
"03.11.2021","27.377,87","27.168,20","27.377,87","27.140,65","373,30M","0,69%"
"02.11.2021","27.189,63","27.172,87","27.237,51","27.097,28","413,30M","-0,06%"
"01.11.2021","27.206,00","27.020,30","27.303,01","27.004,51","416,82M","1,23%"
"29.10.2021","26.875,96","26.753,45","26.895,61","26.628,59","563,96M","-0,05%"
"28.10.2021","26.890,35","26.821,39","26.938,41","26.761,74","748,51M","0,31%"
"27.10.2021","26.806,19","26.877,54","26.943,84","26.758,75","375,19M","-0,61%"
"26.10.2021","26.970,95","26.877,09","27.049,32","26.834,51","340,32M","0,58%"
"25.10.2021","26.815,79","26.596,00","26.822,94","26.572,89","381,64M","0,92%"
"22.10.2021","26.571,73","26.582,11","26.682,25","26.551,21","257,43M","0,18%"
"21.10.2021","26.525,15","26.449,59","26.630,76","26.385,51","299,33M","-0,21%"
"20.10.2021","26.581,77","26.274,05","26.608,61","26.256,18","392,75M","0,94%"
"19.10.2021","26.332,99","26.299,62","26.387,34","26.256,22","378,16M","0,25%"
"18.10.2021","26.268,62","26.332,00","26.385,90","26.156,42","412,98M","-0,83%"
"15.10.2021","26.489,18","26.437,90","26.550,49","26.349,17","603,04M","0,81%"
"14.10.2021","26.277,57","26.122,76","26.317,39","26.078,66","413,14M","1,23%"
"13.10.2021","25.958,69","25.928,34","26.046,02","25.858,49","329,95M","-0,12%"
"12.10.2021","25.990,02","25.636,15","25.990,02","25.596,81","327,38M","0,23%"
"11.10.2021","25.930,46","25.996,53","26.051,54","25.804,76","369,41M","-0,46%"
"08.10.2021","26.051,01","26.023,00","26.095,29","25.936,85","383,66M","0,23%"
"07.10.2021","25.992,29","25.934,35","26.047,54","25.761,22","474,76M","1,51%"
"06.10.2021","25.605,73","25.782,28","25.783,56","25.330,09","536,86M","-1,35%"
"05.10.2021","25.956,02","25.531,27","25.956,02","25.520,17","534,43M","1,95%"
"04.10.2021","25.460,80","25.540,60","25.721,97","25.411,28","360,74M","-0,60%"
"01.10.2021","25.615,31","25.305,64","25.739,65","25.276,17","451,58M","-0,27%"
"30.09.2021","25.683,81","25.901,41","25.938,14","25.557,91","519,54M","-0,21%"
"29.09.2021","25.736,85","25.727,28","25.826,17","25.577,49","500,92M","0,64%"
"28.09.2021","25.573,25","26.156,37","26.223,41","25.573,25","490,16M","-2,14%"
"27.09.2021","26.132,24","26.159,28","26.186,59","26.010,21","474,51M","0,63%"
"24.09.2021","25.968,84","26.021,97","26.081,89","25.920,83","355,96M","-0,43%"
"23.09.2021","26.081,13","25.894,88","26.087,58","25.853,79","411,94M","1,41%"
"22.09.2021","25.717,46","25.529,10","25.717,46","25.431,55","357,94M","1,44%"
"21.09.2021","25.353,36","25.210,03","25.436,48","25.169,26","342,13M","1,22%"
"20.09.2021","25.048,26","25.355,02","25.396,31","24.941,19","471,65M","-2,57%"
"17.09.2021","25.709,56","26.118,95","26.161,74","25.709,56","696,23M","-0,98%"
"16.09.2021","25.963,93","25.916,92","26.104,66","25.913,57","359,53M","0,78%"
"15.09.2021","25.762,10","26.050,59","26.060,21","25.688,18","399,96M","-1,02%"
"14.09.2021","26.027,07","25.943,96","26.130,21","25.916,38","332,45M","0,39%"
"13.09.2021","25.925,73","25.794,08","26.011,19","25.793,27","333,63M","0,93%"
"10.09.2021","25.686,47","25.961,52","25.990,89","25.642,69","374,49M","-0,86%"
"09.09.2021","25.909,83","25.715,56","26.002,18","25.642,63","291,66M","0,13%"
"08.09.2021","25.876,89","25.948,67","26.064,10","25.717,07","341,13M","-0,75%"
"07.09.2021","26.073,73","26.245,31","26.268,54","26.038,11","243,79M","-0,72%"
"06.09.2021","26.263,43","26.129,18","26.298,33","26.121,31","215,64M","0,76%"
"03.09.2021","26.064,78","26.221,16","26.261,12","25.970,69","299,51M","-0,64%"
"02.09.2021","26.233,38","26.171,95","26.263,32","26.151,42","275,52M","0,20%"
"01.09.2021","26.181,66","26.186,00","26.397,76","26.094,95","368,48M","0,66%"
"31.08.2021","26.009,29","26.050,92","26.205,01","25.895,25","353,28M","-0,06%"
"30.08.2021","26.024,27","26.061,99","26.074,34","25.943,96","148,39M","0,07%"
"27.08.2021","26.006,63","25.857,84","26.012,86","25.813,82","197,95M","0,56%"
"26.08.2021","25.861,52","25.963,22","26.049,06","25.834,75","249,27M","-0,76%"
"25.08.2021","26.060,27","26.030,87","26.061,62","25.966,37","233,87M","0,12%"
"24.08.2021","26.027,91","26.151,08","26.152,35","25.896,18","223,77M","-0,07%"
"23.08.2021","26.046,03","26.120,96","26.179,85","25.935,70","235,80M","0,49%"
"20.08.2021","25.918,27","25.906,31","25.936,62","25.706,55","274,44M","-0,04%"
"19.08.2021","25.928,78","26.037,93","26.050,29","25.715,64","353,29M","-1,63%"
"18.08.2021","26.357,21","26.224,68","26.376,44","26.157,86","256,84M","0,50%"
"17.08.2021","26.224,79","26.330,50","26.330,50","26.161,25","295,68M","-0,85%"
"16.08.2021","26.448,76","26.487,91","26.607,99","26.391,79","241,06M","-0,76%"
"13.08.2021","26.652,56","26.569,50","26.687,97","26.539,07","227,18M","0,36%"
"12.08.2021","26.557,84","26.483,43","26.574,91","26.438,56","315,73M","0,38%"
"11.08.2021","26.457,06","26.268,82","26.480,20","26.219,32","375,91M","0,98%"
"10.08.2021","26.201,21","26.155,18","26.288,64","26.142,24","232,39M","0,24%"
"09.08.2021","26.139,43","26.012,24","26.156,61","26.010,08","270,75M","0,54%"
"06.08.2021","26.000,28","25.678,97","26.035,05","25.652,22","424,18M","1,30%"
"05.08.2021","25.665,55","25.496,19","25.671,65","25.492,00","274,09M","0,69%"
"04.08.2021","25.490,22","25.478,16","25.551,67","25.350,04","286,73M","0,53%"
"03.08.2021","25.356,15","25.415,34","25.476,70","25.275,77","287,52M","0,02%"
"02.08.2021","25.351,60","25.535,52","25.679,87","25.351,60","304,44M","-0,05%"
"30.07.2021","25.363,02","25.427,80","25.504,39","25.348,31","395,43M","-0,60%"
"29.07.2021","25.516,46","25.362,77","25.540,91","25.313,23","291,85M","1,01%"
"28.07.2021","25.261,67","25.099,99","25.295,86","25.060,24","334,33M","0,70%"
"27.07.2021","25.086,55","25.224,64","25.260,94","25.004,42","306,85M","-0,83%"
"26.07.2021","25.296,40","24.994,46","25.296,40","24.972,16","335,47M","0,68%"
"23.07.2021","25.124,91","24.935,52","25.159,59","24.912,43","290,85M","1,29%"
"22.07.2021","24.805,21","24.798,01","24.986,62","24.734,54","296,14M","0,53%"
"21.07.2021","24.675,61","24.248,27","24.682,25","24.231,30","356,04M","2,36%"
"20.07.2021","24.107,33","24.107,86","24.234,07","23.817,66","348,54M","0,59%"
"19.07.2021","23.965,92","24.512,84","24.531,42","23.834,55","521,28M","-3,34%"
"16.07.2021","24.792,78","24.918,38","24.998,81","24.686,11","334,82M","-0,33%"
"15.07.2021","24.875,50","25.085,26","25.102,73","24.832,50","273,84M","-1,27%"
"14.07.2021","25.194,33","25.109,97","25.319,74","25.098,31","241,93M","0,15%"
"13.07.2021","25.156,65","25.321,69","25.327,14","25.082,08","299,33M","-0,50%"
"12.07.2021","25.283,20","25.118,50","25.302,09","24.968,97","251,00M","0,92%"
"09.07.2021","25.051,82","24.753,90","25.079,87","24.750,75","363,31M","1,67%"
"08.07.2021","24.641,47","25.135,18","25.145,92","24.463,61","565,76M","-2,55%"
"07.07.2021","25.284,99","25.314,18","25.435,80","25.165,95","365,65M","0,23%"
"06.07.2021","25.227,92","25.445,67","25.451,92","25.163,35","365,43M","-0,84%"
"05.07.2021","25.441,34","25.270,55","25.512,59","25.162,70","188,10M","0,63%"
"02.07.2021","25.282,41","25.342,25","25.389,07","25.230,95","242,39M","-0,01%"
"01.07.2021","25.286,06","25.256,77","25.407,51","25.039,91","288,36M","0,73%"
"30.06.2021","25.102,04","25.350,92","25.400,69","24.954,11","379,00M","-1,01%"
"29.06.2021","25.357,36","25.247,33","25.467,87","25.247,33","308,24M","0,52%"
"28.06.2021","25.227,10","25.504,41","25.572,48","25.227,10","279,36M","-1,11%"
"25.06.2021","25.510,50","25.457,00","25.517,40","25.422,44","243,55M","0,35%"
"24.06.2021","25.422,22","25.149,72","25.428,80","25.119,76","327,89M","1,38%"
"23.06.2021","25.077,14","25.354,49","25.409,65","25.077,14","263,82M","-0,94%"
"22.06.2021","25.315,57","25.428,30","25.428,78","25.208,37","259,56M","-0,32%"
"21.06.2021","25.397,72","24.903,25","25.397,72","24.903,25","317,48M","0,71%"
"18.06.2021","25.218,16","25.670,08","25.747,02","25.217,13","731,04M","-1,93%"
"17.06.2021","25.713,60","25.686,53","25.794,42","25.670,66","371,57M","-0,21%"
"16.06.2021","25.767,54","25.806,75","25.826,72","25.699,24","314,19M","0,12%"
"15.06.2021","25.736,75","25.828,07","25.839,82","25.645,30","306,93M","-0,08%"
"14.06.2021","25.757,83","25.789,01","25.863,15","25.687,53","274,15M","0,16%"
"11.06.2021","25.717,42","25.655,79","25.739,52","25.607,79","245,87M","0,31%"
"10.06.2021","25.638,19","25.755,57","25.769,32","25.517,20","321,81M","-0,40%"
"09.06.2021","25.741,75","25.845,44","25.880,37","25.692,37","263,93M","-0,26%"
"08.06.2021","25.809,16","25.843,25","25.926,66","25.704,57","381,60M","-0,06%"
"07.06.2021","25.824,71","25.555,99","25.829,43","25.515,47","402,53M","0,99%"
"04.06.2021","25.570,46","25.448,84","25.570,46","25.442,01","344,70M","0,46%"
"03.06.2021","25.452,33","25.358,68","25.478,72","25.201,14","337,00M","0,29%"
"02.06.2021","25.379,69","25.281,16","25.407,83","25.255,95","288,08M","0,23%"
"01.06.2021","25.321,82","25.272,66","25.553,39","25.268,18","368,28M","0,60%"
"31.05.2021","25.170,55","25.170,57","25.278,91","25.148,85","228,54M","0,00%"
"28.05.2021","25.169,39","25.095,56","25.186,17","25.043,08","339,21M","0,45%"
"27.05.2021","25.056,19","24.712,65","25.102,89","24.708,15","636,88M","1,12%"
"26.05.2021","24.778,04","24.958,25","24.996,16","24.682,14","408,74M","-0,46%"
"25.05.2021","24.892,90","24.950,35","25.009,43","24.881,48","384,11M","0,01%"
"24.05.2021","24.891,24","24.851,41","24.968,72","24.792,24","313,59M","-0,34%"
"21.05.2021","24.975,00","24.769,73","24.975,00","24.716,53","462,07M","1,10%"
"20.05.2021","24.702,11","24.607,86","24.702,11","24.396,74","387,80M","0,88%"
"19.05.2021","24.486,69","24.622,58","24.772,06","24.260,22","458,34M","-1,58%"
"18.05.2021","24.880,45","25.053,83","25.113,85","24.817,65","439,50M","0,07%"
"17.05.2021","24.862,68","24.846,39","24.928,58","24.713,14","409,88M","0,39%"
"14.05.2021","24.766,09","24.624,46","24.766,09","24.430,30","405,36M","1,14%"
"13.05.2021","24.486,01","24.235,33","24.564,33","23.898,05","434,88M","0,14%"
"12.05.2021","24.452,93","24.439,96","24.535,38","24.253,64","482,21M","0,23%"
"11.05.2021","24.396,01","24.613,92","24.618,81","24.261,77","520,03M","-1,64%"
"10.05.2021","24.802,90","24.724,02","24.812,50","24.651,38","502,23M","0,78%"
"07.05.2021","24.612,04","24.630,14","24.640,96","24.420,26","435,97M","0,48%"
"06.05.2021","24.495,07","24.552,06","24.676,53","24.371,04","732,68M","0,13%"
"05.05.2021","24.463,89","24.158,54","24.473,23","24.105,91","382,99M","2,03%"
"04.05.2021","23.977,53","24.463,92","24.515,99","23.943,83","445,30M","-1,81%"
"03.05.2021","24.419,97","24.196,26","24.465,76","24.146,67","311,72M","1,15%"
"30.04.2021","24.141,16","24.325,64","24.395,88","24.086,41","464,20M","-0,56%"
"29.04.2021","24.278,20","24.547,59","24.551,90","24.151,48","439,22M","-0,74%"
"28.04.2021","24.459,57","24.525,85","24.554,58","24.358,88","357,37M","-0,06%"
"27.04.2021","24.473,06","24.514,59","24.537,06","24.345,84","296,05M","-0,17%"
"26.04.2021","24.513,84","24.425,99","24.547,38","24.321,50","318,57M","0,52%"
"23.04.2021","24.386,09","24.277,79","24.395,82","24.226,97","252,47M","-0,05%"
"22.04.2021","24.398,41","24.252,19","24.413,98","24.176,01","299,14M","0,98%"
"21.04.2021","24.161,38","24.193,62","24.267,98","23.916,97","360,22M","0,30%"
"20.04.2021","24.088,65","24.697,77","24.732,35","24.048,39","456,68M","-2,44%"
"19.04.2021","24.691,46","24.733,48","24.804,83","24.656,85","324,84M","-0,21%"
"16.04.2021","24.744,38","24.554,50","24.767,02","24.526,20","395,04M","0,88%"
"15.04.2021","24.528,69","24.600,93","24.641,02","24.469,76","317,44M","-0,19%"
"14.04.2021","24.574,74","24.630,75","24.631,31","24.435,35","326,14M","-0,10%"
"13.04.2021","24.600,35","24.486,23","24.639,20","24.461,64","353,96M","0,59%"
"12.04.2021","24.457,18","24.403,96","24.577,73","24.340,62","269,57M","0,11%"
"09.04.2021","24.429,41","24.613,80","24.677,55","24.429,41","374,60M","-0,60%"
"08.04.2021","24.576,51","24.855,19","24.876,11","24.532,14","474,76M","-0,66%"
"07.04.2021","24.740,73","24.762,08","24.834,93","24.602,49","333,29M","-0,08%"
"06.04.2021","24.761,12","24.926,24","24.939,00","24.745,86","434,53M","0,21%"
"01.04.2021","24.710,00","24.730,95","24.754,51","24.655,82","367,03M","0,25%"
"31.03.2021","24.648,56","24.677,07","24.777,97","24.636,54","434,93M","0,05%"
"30.03.2021","24.636,39","24.536,53","24.708,37","24.469,24","462,40M","0,88%"
"29.03.2021","24.421,40","24.426,36","24.485,50","24.327,66","377,33M","0,12%"
"26.03.2021","24.393,26","24.389,69","24.426,86","24.265,88","457,71M","0,72%"
"25.03.2021","24.218,55","24.149,42","24.264,86","23.993,47","453,74M","0,04%"
"24.03.2021","24.208,66","23.970,14","24.217,22","23.934,20","395,18M","0,39%"
"23.03.2021","24.113,86","24.212,50","24.217,92","24.023,90","464,54M","-0,61%"
"22.03.2021","24.262,84","24.074,96","24.286,18","24.028,92","448,93M","0,26%"
"19.03.2021","24.199,42","24.013,89","24.369,67","23.967,38","1,24B","-0,66%"
"18.03.2021","24.360,49","24.433,71","24.459,14","24.258,89","624,09M","0,33%"
"17.03.2021","24.281,05","24.276,99","24.350,33","24.197,87","500,17M","0,08%"
"16.03.2021","24.261,12","24.255,70","24.318,70","24.182,79","547,76M","0,50%"
"15.03.2021","24.139,45","24.216,73","24.425,23","24.054,43","519,60M","0,11%"
"12.03.2021","24.113,22","24.097,78","24.179,85","24.019,99","583,29M","-0,03%"
"11.03.2021","24.121,37","24.023,57","24.221,78","24.023,57","749,09M","0,82%"
"10.03.2021","23.925,96","23.794,37","23.958,05","23.735,64","599,92M","0,46%"
"09.03.2021","23.816,50","23.691,49","23.869,57","23.631,59","609,59M","0,57%"
"08.03.2021","23.681,57","23.174,40","23.730,18","23.068,16","660,48M","3,12%"
"05.03.2021","22.965,63","22.955,06","23.289,64","22.873,60","599,01M","-0,55%"
"04.03.2021","23.093,10","22.955,18","23.188,25","22.795,55","505,11M","0,20%"
"03.03.2021","23.046,77","23.218,27","23.352,98","22.824,03","610,08M","-0,16%"
"02.03.2021","23.083,55","23.177,43","23.326,05","23.083,55","444,50M","-0,78%"
"01.03.2021","23.264,86","23.123,23","23.272,30","23.077,93","475,92M","1,82%"
"26.02.2021","22.848,58","22.723,57","23.027,08","22.677,82","561,49M","-0,93%"
"25.02.2021","23.063,55","23.264,60","23.292,37","23.054,57","696,00M","-0,15%"
"24.02.2021","23.098,15","22.903,75","23.133,14","22.869,65","879,14M","0,69%"
"23.02.2021","22.939,38","23.101,56","23.174,30","22.635,06","508,99M","-0,30%"
"22.02.2021","23.009,18","22.999,64","23.044,89","22.841,71","377,44M","-0,55%"
"19.02.2021","23.136,31","22.935,06","23.186,59","22.851,60","451,36M","0,94%"
"18.02.2021","22.921,83","23.196,18","23.278,34","22.881,53","385,30M","-1,11%"
"17.02.2021","23.178,56","23.384,42","23.452,93","23.122,45","391,64M","-1,12%"
"16.02.2021","23.440,81","23.631,07","23.641,42","23.422,76","372,74M","-0,69%"
"15.02.2021","23.604,31","23.628,94","23.652,45","23.561,80","438,03M","0,83%"
"12.02.2021","23.410,60","23.290,61","23.410,60","23.059,05","355,02M","0,44%"
"11.02.2021","23.307,24","23.287,88","23.369,38","23.254,61","391,63M","0,18%"
"10.02.2021","23.264,68","23.413,16","23.414,12","23.133,61","449,56M","-0,15%"
"09.02.2021","23.300,49","23.482,30","23.482,30","23.258,53","435,70M","-0,54%"
"08.02.2021","23.425,92","23.280,56","23.512,99","23.231,47","677,06M","1,48%"
"05.02.2021","23.083,42","22.988,37","23.276,22","22.937,04","763,26M","0,80%"
"04.02.2021","22.900,55","22.561,50","22.982,11","22.481,06","585,66M","1,65%"
"03.02.2021","22.527,90","22.444,17","22.737,50","22.378,07","788,31M","2,09%"
"02.02.2021","22.066,87","21.956,87","22.151,69","21.956,35","385,38M","1,11%"
"01.02.2021","21.825,51","21.737,03","21.883,29","21.618,50","320,78M","1,17%"
"29.01.2021","21.572,53","21.569,94","21.786,49","21.520,72","430,74M","-1,57%"
"28.01.2021","21.916,50","21.470,49","21.941,14","21.311,51","421,31M","1,17%"
"27.01.2021","21.662,73","21.922,66","21.985,33","21.420,89","460,64M","-1,47%"
"26.01.2021","21.987,00","21.710,34","22.044,39","21.655,18","370,54M","1,16%"
"25.01.2021","21.735,95","22.237,14","22.250,33","21.666,71","444,52M","-1,60%"
"22.01.2021","22.088,36","22.253,07","22.259,28","21.925,76","455,89M","-1,52%"
"21.01.2021","22.428,93","22.789,57","22.835,89","22.424,78","407,67M","-0,98%"
"20.01.2021","22.650,78","22.569,50","22.664,76","22.502,84","380,51M","0,93%"
"19.01.2021","22.441,72","22.635,96","22.650,32","22.427,93","386,35M","-0,25%"
"18.01.2021","22.498,89","22.257,69","22.515,99","22.239,21","335,09M","0,53%"
"15.01.2021","22.381,35","22.632,87","22.747,87","22.242,77","434,29M","-1,13%"
"14.01.2021","22.637,72","22.742,70","22.879,50","22.637,72","405,19M","-0,47%"
"13.01.2021","22.743,65","22.611,22","22.811,95","22.574,10","388,25M","0,43%"
"12.01.2021","22.646,07","22.787,34","22.820,62","22.557,73","459,40M","-0,33%"
"11.01.2021","22.722,01","22.703,55","22.804,43","22.502,18","358,99M","-0,32%"
"08.01.2021","22.793,94","22.946,06","23.003,56","22.700,80","447,81M","0,21%"
"07.01.2021","22.746,08","22.823,64","22.852,34","22.622,10","476,76M","0,05%"
"06.01.2021","22.734,32","22.364,33","22.792,93","22.218,08","672,07M","2,40%"
"05.01.2021","22.200,60","22.223,44","22.354,82","22.105,95","381,95M","-0,52%"
"04.01.2021","22.315,87","22.398,06","22.493,24","22.228,45","432,60M","0,37%"
"30.12.2020","22.232,90","22.302,81","22.345,34","22.232,90","224,89M","-0,12%"
"29.12.2020","22.259,35","22.389,38","22.395,11","22.203,13","229,76M","-0,13%"
"28.12.2020","22.288,52","22.308,38","22.354,36","22.251,71","260,52M","0,72%"
"23.12.2020","22.130,18","21.969,94","22.155,94","21.920,58","306,66M","1,31%"
"22.12.2020","21.844,33","21.491,24","21.851,12","21.489,29","307,52M","2,03%"
"21.12.2020","21.410,51","21.469,63","21.633,50","21.087,10","596,28M","-2,57%"
"18.12.2020","21.976,12","21.918,51","22.144,62","21.910,93","653,82M","-0,16%"
"17.12.2020","22.012,07","22.078,67","22.142,20","22.009,49","456,36M","0,12%"
"16.12.2020","21.986,52","21.995,43","22.176,22","21.887,91","447,19M","0,23%"
"15.12.2020","21.935,05","21.718,18","21.963,80","21.676,08","347,53M","0,81%"
"14.12.2020","21.759,73","21.862,90","21.997,33","21.759,73","389,98M","0,27%"
"11.12.2020","21.702,16","21.857,29","21.904,29","21.572,21","428,05M","-0,97%"
"10.12.2020","21.915,51","22.032,17","22.088,77","21.745,61","450,86M","-0,25%"
"09.12.2020","21.969,59","22.215,29","22.274,26","21.957,17","471,70M","-0,38%"
"08.12.2020","22.053,42","22.064,03","22.105,96","21.903,95","275,97M","-0,24%"
"07.12.2020","22.107,18","22.129,60","22.156,23","21.964,24","351,28M","-0,32%"
"04.12.2020","22.178,80","22.029,90","22.197,25","22.027,10","507,92M","0,78%"
"03.12.2020","22.007,40","22.019,40","22.033,79","21.901,55","425,14M","0,16%"
"02.12.2020","21.972,20","22.019,93","22.042,76","21.783,99","543,38M","-0,58%"
"01.12.2020","22.099,92","22.193,10","22.226,82","22.010,47","578,77M","0,18%"
"30.11.2020","22.060,98","22.210,34","22.353,36","22.060,98","734,67M","-1,30%"
"27.11.2020","22.352,46","22.172,91","22.386,48","22.167,35","583,61M","0,68%"
"26.11.2020","22.201,44","22.385,25","22.387,26","22.201,44","541,60M","-0,46%"
"25.11.2020","22.303,58","22.280,55","22.344,07","22.054,40","641,95M","0,72%"
"24.11.2020","22.145,06","21.985,33","22.149,55","21.953,33","721,63M","2,04%"
"23.11.2020","21.701,79","21.870,99","21.996,39","21.701,79","548,50M","-0,02%"
"20.11.2020","21.706,96","21.522,35","21.770,67","21.495,67","493,72M","0,79%"
"19.11.2020","21.536,24","21.485,63","21.680,33","21.426,06","513,11M","-0,40%"
"18.11.2020","21.622,66","21.420,73","21.658,84","21.365,92","587,68M","0,87%"
"17.11.2020","21.435,11","21.306,60","21.494,80","21.248,38","491,66M","0,55%"
"16.11.2020","21.317,01","21.144,82","21.435,14","21.007,81","682,57M","1,98%"
"13.11.2020","20.903,58","20.706,83","20.965,10","20.701,06","426,85M","0,41%"
"12.11.2020","20.817,73","20.826,31","20.959,57","20.710,26","543,22M","-0,83%"
"11.11.2020","20.993,02","20.957,81","21.049,78","20.815,67","587,15M","0,68%"
"10.11.2020","20.851,58","20.788,06","20.929,49","20.584,48","936,79M","0,49%"
"09.11.2020","20.750,18","20.011,16","20.931,67","19.960,64","1,14B","5,43%"
"06.11.2020","19.681,68","19.685,69","19.822,39","19.482,23","471,24M","-0,25%"
"05.11.2020","19.731,38","19.490,11","19.788,12","19.479,86","497,40M","1,93%"
"04.11.2020","19.358,28","18.673,20","19.394,94","18.576,91","571,09M","1,96%"
"03.11.2020","18.986,24","18.535,94","18.986,24","18.508,16","537,18M","3,19%"
"02.11.2020","18.400,03","17.967,70","18.400,25","17.806,44","472,40M","2,55%"
"30.10.2020","17.943,11","17.682,77","17.969,87","17.669,80","470,26M","0,40%"
"29.10.2020","17.872,28","17.964,67","18.082,38","17.636,38","552,01M","-0,14%"
"28.10.2020","17.897,79","18.296,58","18.346,74","17.843,04","679,90M","-4,06%"
"27.10.2020","18.654,95","19.010,84","19.010,84","18.647,42","429,08M","-1,53%"
"26.10.2020","18.945,14","18.942,20","19.202,51","18.919,27","415,68M","-1,76%"
"23.10.2020","19.285,41","19.081,98","19.364,74","19.073,99","425,54M","1,09%"
"22.10.2020","19.076,95","19.085,95","19.170,73","18.855,90","375,50M","-0,05%"
"21.10.2020","19.085,95","19.526,44","19.527,96","19.083,32","392,79M","-2,03%"
"20.10.2020","19.482,13","19.322,80","19.568,16","19.245,36","375,28M","0,56%"
"19.10.2020","19.374,21","19.475,83","19.585,04","19.309,82","290,28M","-0,08%"
"16.10.2020","19.389,68","19.203,28","19.454,47","19.036,86","447,82M","1,70%"
"15.10.2020","19.065,44","19.380,41","19.384,80","18.957,30","477,39M","-2,77%"
"14.10.2020","19.607,73","19.576,12","19.738,33","19.515,61","306,63M","0,25%"
"13.10.2020","19.558,69","19.722,24","19.730,44","19.488,56","351,48M","-0,81%"
"12.10.2020","19.718,77","19.642,88","19.764,74","19.558,99","302,53M","0,63%"
"09.10.2020","19.595,38","19.591,79","19.683,02","19.475,69","324,31M","0,07%"
"08.10.2020","19.582,43","19.536,20","19.631,24","19.461,96","366,36M","0,76%"
"07.10.2020","19.435,08","19.409,96","19.473,35","19.356,11","355,10M","0,03%"
"06.10.2020","19.429,81","19.332,52","19.520,07","19.194,99","440,23M","0,85%"
"05.10.2020","19.265,51","19.207,93","19.270,13","19.090,78","380,94M","1,06%"
"02.10.2020","19.064,31","18.834,12","19.072,25","18.815,39","371,25M","0,01%"
"01.10.2020","19.061,50","19.176,56","19.270,92","18.969,95","396,39M","0,24%"
"30.09.2020","19.015,27","18.885,65","19.146,11","18.873,36","343,27M","-0,24%"
"29.09.2020","19.061,18","19.131,79","19.222,13","18.996,27","290,19M","-0,52%"
"28.09.2020","19.160,10","18.952,96","19.173,31","18.902,60","385,65M","2,47%"
"25.09.2020","18.698,36","18.935,85","18.938,30","18.545,92","404,24M","-1,10%"
"24.09.2020","18.906,83","18.652,54","19.101,93","18.620,95","413,00M","-0,12%"
"23.09.2020","18.929,89","19.080,18","19.231,99","18.929,89","359,85M","0,18%"
"22.09.2020","18.895,59","18.945,14","19.081,42","18.802,93","384,96M","0,54%"
"21.09.2020","18.793,35","19.408,31","19.439,71","18.778,28","575,96M","-3,75%"
"18.09.2020","19.524,94","19.684,72","19.789,85","19.510,27","714,07M","-1,09%"
"17.09.2020","19.739,73","19.645,95","19.810,54","19.630,01","444,68M","-1,12%"
"16.09.2020","19.963,99","19.982,35","20.033,10","19.803,26","338,23M","0,04%"
"15.09.2020","19.956,95","19.830,60","20.043,00","19.718,27","337,76M","0,82%"
"14.09.2020","19.793,80","19.942,65","19.967,57","19.725,23","270,29M","-0,14%"
"11.09.2020","19.820,75","19.789,55","19.875,86","19.697,87","357,73M","0,00%"
"10.09.2020","19.820,22","19.786,43","19.971,13","19.691,76","462,61M","0,25%"
"09.09.2020","19.771,32","19.365,27","19.792,23","19.364,23","378,27M","2,02%"
"08.09.2020","19.380,18","19.807,53","19.816,77","19.201,99","431,60M","-1,81%"
"07.09.2020","19.738,01","19.530,02","19.756,89","19.480,11","309,46M","1,79%"
"04.09.2020","19.391,25","19.466,42","19.780,96","19.254,92","470,67M","-0,82%"
"03.09.2020","19.551,48","20.009,24","20.140,84","19.462,04","460,40M","-1,54%"
"02.09.2020","19.858,21","19.713,31","20.036,44","19.672,43","375,86M","1,34%"
"01.09.2020","19.595,02","19.776,36","19.870,67","19.434,74","429,28M","-0,20%"
"31.08.2020","19.633,69","19.971,94","20.081,25","19.616,32","411,64M","-1,04%"
"28.08.2020","19.841,01","19.952,98","19.991,56","19.686,90","475,74M","-0,03%"
"27.08.2020","19.847,38","20.130,92","20.133,30","19.847,38","479,17M","-1,44%"
"26.08.2020","20.137,29","19.971,03","20.137,29","19.928,45","336,05M","0,54%"
"25.08.2020","20.030,05","20.256,09","20.367,67","20.030,05","327,85M","-0,41%"
"24.08.2020","20.113,36","19.908,35","20.129,54","19.887,33","304,83M","2,12%"
"21.08.2020","19.695,43","19.846,30","19.868,10","19.480,35","300,53M","-0,36%"
"20.08.2020","19.766,96","19.826,91","19.921,00","19.718,90","264,92M","-1,44%"
"19.08.2020","20.055,40","19.832,56","20.055,40","19.734,23","221,32M","1,06%"
"18.08.2020","19.845,61","19.845,20","20.159,23","19.722,58","255,47M","-0,52%"
"17.08.2020","19.950,32","20.100,73","20.123,28","19.852,56","246,14M","-0,39%"
"14.08.2020","20.028,11","20.159,07","20.185,11","19.821,07","296,29M","-1,13%"
"13.08.2020","20.257,31","20.383,46","20.471,63","20.257,31","314,36M","-0,88%"
"12.08.2020","20.437,36","20.172,42","20.463,34","20.150,65","372,88M","1,13%"
"11.08.2020","20.209,11","19.850,25","20.293,75","19.850,25","486,63M","2,84%"
"10.08.2020","19.651,57","19.569,97","19.668,04","19.454,47","251,84M","0,69%"
"07.08.2020","19.516,43","19.428,54","19.564,35","19.251,02","349,80M","0,21%"
"06.08.2020","19.475,15","19.701,73","19.834,21","19.352,60","642,42M","-1,34%"
"05.08.2020","19.740,20","19.766,17","19.896,27","19.641,76","544,15M","0,64%"
"04.08.2020","19.613,95","19.531,56","19.657,60","19.377,42","566,87M","1,21%"
"03.08.2020","19.379,79","19.136,52","19.402,21","18.948,81","411,20M","1,51%"
"31.07.2020","19.091,93","19.341,53","19.532,11","19.085,76","454,76M","-0,71%"
"30.07.2020","19.228,47","19.926,10","19.975,86","19.116,07","545,92M","-3,28%"
"29.07.2020","19.880,57","19.895,43","19.973,32","19.719,02","359,28M","-0,11%"
"28.07.2020","19.902,63","20.021,68","20.119,58","19.698,17","335,49M","-0,59%"
"27.07.2020","20.019,96","20.034,40","20.162,78","19.913,62","358,18M","-0,28%"
"24.07.2020","20.075,27","20.154,76","20.240,52","19.960,19","378,52M","-1,85%"
"23.07.2020","20.454,46","20.664,33","20.689,40","20.362,93","372,19M","-0,70%"
"22.07.2020","20.598,78","20.689,19","20.797,06","20.508,51","400,28M","-0,60%"
"21.07.2020","20.723,42","20.898,52","21.133,43","20.703,08","642,36M","0,49%"
"20.07.2020","20.621,48","20.326,67","20.679,10","20.217,49","448,61M","0,99%"
"17.07.2020","20.419,39","20.414,23","20.427,04","20.264,33","399,02M","0,31%"
"16.07.2020","20.356,09","20.207,49","20.388,71","20.178,80","483,03M","0,37%"
"15.07.2020","20.281,38","20.045,69","20.361,49","19.982,04","507,29M","2,02%"
"14.07.2020","19.879,75","19.798,81","19.899,81","19.677,30","425,48M","-0,62%"
"13.07.2020","20.003,25","20.062,56","20.067,04","19.734,94","449,15M","1,19%"
"10.07.2020","19.767,60","19.394,75","19.770,35","19.394,75","299,12M","1,34%"
"09.07.2020","19.505,95","19.993,36","20.007,82","19.502,46","324,86M","-1,98%"
"08.07.2020","19.899,53","19.913,51","20.101,18","19.847,52","327,08M","-0,57%"
"07.07.2020","20.012,68","19.938,22","20.065,54","19.845,04","352,02M","-0,10%"
"06.07.2020","20.031,86","20.120,83","20.222,71","19.928,44","443,63M","1,55%"
"03.07.2020","19.726,65","19.941,40","19.969,11","19.631,64","289,55M","-0,81%"
"02.07.2020","19.886,88","19.530,65","19.975,39","19.482,32","495,12M","2,88%"
"01.07.2020","19.330,88","19.452,48","19.454,85","19.013,37","361,83M","-0,23%"
"30.06.2020","19.375,52","19.517,46","19.540,46","19.223,47","414,87M","-0,37%"
"29.06.2020","19.447,02","19.159,05","19.541,33","19.112,59","358,19M","1,69%"
"26.06.2020","19.124,36","19.442,26","19.549,19","19.124,36","366,14M","-0,57%"
"25.06.2020","19.234,75","19.101,47","19.319,34","18.878,38","491,62M","0,37%"
"24.06.2020","19.162,98","19.777,69","19.906,60","19.162,98","511,78M","-3,42%"
"23.06.2020","19.841,58","19.625,82","19.884,73","19.551,20","523,46M","1,86%"
"22.06.2020","19.478,73","19.402,09","19.684,77","19.310,50","421,86M","-0,71%"
"19.06.2020","19.618,93","19.600,92","19.740,52","19.572,39","934,84M","0,68%"
"18.06.2020","19.485,76","19.561,53","19.815,26","19.332,04","495,71M","-0,51%"
"17.06.2020","19.585,89","19.670,11","19.876,12","19.487,39","575,17M","-0,20%"
"16.06.2020","19.625,63","19.383,34","19.874,47","19.296,50","786,19M","3,46%"
"15.06.2020","18.969,29","18.303,31","19.065,08","18.302,94","483,44M","0,43%"
"12.06.2020","18.888,16","18.573,29","19.168,70","18.553,47","610,20M","0,43%"
"11.06.2020","18.806,86","19.222,04","19.352,52","18.806,86","789,87M","-4,81%"
"10.06.2020","19.758,01","20.096,49","20.180,85","19.694,06","703,77M","-0,86%"
"09.06.2020","19.930,20","20.242,58","20.274,19","19.678,08","779,96M","-1,49%"
"08.06.2020","20.231,38","20.133,08","20.399,38","20.050,13","773,23M","0,22%"
"05.06.2020","20.187,51","19.904,32","20.198,07","19.868,87","925,09M","2,82%"
"04.06.2020","19.634,03","19.519,67","19.848,62","19.391,33","814,39M","-0,04%"
"03.06.2020","19.641,81","19.204,21","19.641,81","19.171,43","828,03M","3,54%"
"02.06.2020","18.971,09","18.676,21","19.052,57","18.568,78","612,51M","2,42%"
"01.06.2020","18.523,71","18.437,40","18.531,29","18.236,52","459,20M","1,79%"
"29.05.2020","18.197,56","18.192,98","18.390,61","18.149,31","731,19M","-0,84%"
"28.05.2020","18.351,16","18.081,30","18.414,02","18.045,83","616,90M","2,46%"
"27.05.2020","17.910,25","17.861,11","18.227,99","17.736,86","796,36M","0,28%"
"26.05.2020","17.860,46","17.796,20","17.893,95","17.696,99","565,68M","1,50%"
"25.05.2020","17.595,90","17.450,93","17.595,90","17.304,44","275,24M","1,61%"
"22.05.2020","17.316,29","16.905,27","17.385,79","16.820,05","488,72M","1,34%"
"21.05.2020","17.087,06","16.986,60","17.283,74","16.950,47","468,26M","-0,73%"
"20.05.2020","17.213,11","16.989,95","17.248,06","16.674,31","802,30M","1,05%"
"19.05.2020","17.034,54","17.578,93","17.612,89","16.929,09","837,12M","-2,11%"
"18.05.2020","17.401,45","16.998,15","17.446,38","16.953,43","409,93M","3,26%"
"15.05.2020","16.852,35","17.054,58","17.124,40","16.792,28","350,47M","-0,09%"
"14.05.2020","16.867,76","17.065,77","17.177,43","16.551,28","435,99M","-1,84%"
"13.05.2020","17.183,44","17.353,51","17.426,98","17.183,44","370,54M","-2,14%"
"12.05.2020","17.559,32","17.394,25","17.601,87","17.394,25","323,34M","1,02%"
"11.05.2020","17.381,36","17.602,38","17.678,47","17.307,11","279,81M","-0,33%"
"08.05.2020","17.439,30","17.416,29","17.461,62","17.254,41","242,32M","1,13%"
"07.05.2020","17.245,04","17.255,87","17.362,61","17.093,81","360,98M","0,50%"
"06.05.2020","17.159,31","17.368,27","17.500,04","17.145,54","330,05M","-1,31%"
"05.05.2020","17.387,38","17.288,82","17.389,78","17.082,28","413,82M","2,06%"
"04.05.2020","17.035,61","17.156,75","17.344,68","17.035,61","430,63M","-3,70%"
"30.04.2020","17.690,49","18.209,12","18.302,85","17.654,66","597,32M","-2,09%"
"29.04.2020","18.067,29","17.615,96","18.075,65","17.608,52","477,98M","2,21%"
"28.04.2020","17.677,15","17.428,00","17.940,84","17.413,00","496,79M","1,71%"
"27.04.2020","17.380,21","17.313,48","17.380,21","17.163,85","307,77M","3,09%"
"24.04.2020","16.858,89","16.640,17","17.155,11","16.640,17","349,28M","-0,89%"
"23.04.2020","17.011,11","16.925,36","17.145,44","16.778,15","392,98M","1,47%"
"22.04.2020","16.765,28","16.615,00","16.770,44","16.555,34","347,50M","1,91%"
"21.04.2020","16.450,85","16.811,87","16.934,52","16.450,85","401,99M","-3,59%"
"20.04.2020","17.064,14","17.144,35","17.155,39","16.785,73","339,57M","0,05%"
"17.04.2020","17.055,47","17.152,83","17.307,65","16.963,93","469,22M","1,71%"
"16.04.2020","16.768,14","17.003,45","17.160,91","16.729,63","453,15M","0,29%"
"15.04.2020","16.719,07","17.454,94","17.543,27","16.719,07","536,65M","-4,78%"
"14.04.2020","17.558,43","17.821,88","17.831,01","17.507,07","443,87M","-0,36%"
"09.04.2020","17.621,62","17.685,56","17.756,01","17.360,48","553,98M","1,39%"
"08.04.2020","17.380,82","17.212,38","17.405,79","17.196,03","476,31M","-0,18%"
"07.04.2020","17.411,72","17.587,81","17.887,12","17.177,73","679,85M","2,19%"
"06.04.2020","17.039,31","16.769,13","17.053,91","16.764,81","528,13M","4,00%"
"03.04.2020","16.384,35","16.742,07","16.791,08","16.384,35","547,57M","-2,67%"
"02.04.2020","16.834,03","16.660,09","16.878,30","16.413,72","580,52M","1,75%"
"01.04.2020","16.544,97","16.600,06","16.845,15","16.500,42","515,03M","-2,97%"
"31.03.2020","17.050,94","17.096,96","17.292,15","16.694,89","698,06M","1,06%"
"30.03.2020","16.872,41","16.855,94","16.925,07","16.312,90","551,31M","0,30%"
"27.03.2020","16.822,59","17.039,45","17.283,44","16.666,74","590,90M","-3,15%"
"26.03.2020","17.369,38","16.876,51","17.369,38","16.834,79","712,23M","0,73%"
"25.03.2020","17.243,68","17.246,83","17.830,36","16.581,76","906,28M","1,74%"
"24.03.2020","16.948,60","15.977,53","16.948,60","15.969,74","847,37M","8,93%"
"23.03.2020","15.559,80","15.318,26","15.788,70","15.091,98","768,02M","-1,09%"
"20.03.2020","15.731,85","15.772,98","16.180,17","15.616,90","1,22B","1,71%"
"19.03.2020","15.466,97","15.417,20","15.844,08","15.038,08","1,02B","2,29%"
"18.03.2020","15.120,48","14.985,81","15.438,23","14.791,72","796,19M","-1,27%"
"17.03.2020","15.314,77","15.420,49","15.809,66","14.695,72","1,04B","2,23%"
"16.03.2020","14.980,34","15.697,47","15.699,27","14.153,09","1,22B","-6,10%"
"13.03.2020","15.954,29","15.108,11","17.545,44","15.106,60","1,27B","7,12%"
"12.03.2020","14.894,44","17.654,04","17.659,86","14.894,44","1,54B","-16,92%"
"11.03.2020","17.928,64","18.171,76","18.410,29","17.674,69","916,16M","0,33%"
"10.03.2020","17.870,18","18.653,90","19.174,77","17.771,88","1,10B","-3,28%"
"09.03.2020","18.475,91","20.780,87","20.780,87","18.346,40","1,27B","-11,17%"
"06.03.2020","20.799,89","20.986,89","21.151,36","20.624,42","864,92M","-3,50%"
"05.03.2020","21.554,88","22.011,67","22.034,94","21.362,09","772,85M","-1,78%"
"04.03.2020","21.946,03","21.739,80","22.204,01","21.499,93","724,37M","0,91%"
"03.03.2020","21.748,20","22.116,28","22.340,46","21.651,36","799,97M","0,43%"
"02.03.2020","21.655,09","22.333,17","22.361,13","21.118,83","924,41M","-1,50%"
"28.02.2020","21.984,21","22.058,99","22.334,72","21.697,94","1,05B","-3,58%"
"27.02.2020","22.799,37","22.968,63","23.077,82","22.479,60","781,15M","-2,66%"
"26.02.2020","23.422,54","22.961,01","23.599,85","22.637,93","737,76M","1,44%"
"25.02.2020","23.090,44","23.585,59","23.630,43","23.046,19","664,95M","-1,44%"
"24.02.2020","23.427,19","23.918,60","24.005,21","23.255,26","977,13M","-5,43%"
"21.02.2020","24.773,15","24.979,32","25.129,98","24.670,24","638,71M","-1,22%"
"20.02.2020","25.080,16","25.414,77","25.419,96","25.080,16","445,15M","-1,56%"
"19.02.2020","25.477,55","25.352,69","25.483,05","25.271,72","464,70M","1,01%"
"18.02.2020","25.223,51","24.985,71","25.389,46","24.969,75","737,04M","0,41%"
"17.02.2020","25.120,54","24.961,76","25.120,54","24.903,00","315,46M","1,02%"
"14.02.2020","24.867,01","24.942,10","24.983,12","24.831,96","341,38M","-0,10%"
"13.02.2020","24.892,15","24.769,05","24.892,15","24.588,46","526,07M","0,12%"
"12.02.2020","24.861,28","24.738,21","24.901,59","24.734,87","462,48M","0,70%"
"11.02.2020","24.688,89","24.616,66","24.762,66","24.533,75","405,69M","0,74%"
"10.02.2020","24.507,70","24.437,06","24.585,13","24.388,88","297,20M","0,12%"
"07.02.2020","24.478,32","24.465,18","24.523,42","24.371,83","411,44M","-0,05%"
"06.02.2020","24.490,35","24.347,99","24.513,81","24.338,09","531,89M","1,05%"
"05.02.2020","24.236,63","23.815,72","24.270,46","23.745,98","564,24M","1,64%"
"04.02.2020","23.844,85","23.572,77","23.900,76","23.542,06","479,89M","1,64%"
"03.02.2020","23.460,01","23.297,09","23.466,34","23.218,72","363,18M","0,96%"
"31.01.2020","23.237,03","23.863,15","23.873,05","23.207,90","557,66M","-2,29%"
"30.01.2020","23.781,10","23.892,30","23.982,66","23.687,64","454,73M","-1,59%"
"29.01.2020","24.164,73","24.052,97","24.197,66","23.969,03","356,52M","0,57%"
"28.01.2020","24.027,63","23.544,56","24.027,63","23.429,19","428,29M","2,61%"
"27.01.2020","23.416,13","23.713,12","23.977,56","23.384,04","506,93M","-2,31%"
"24.01.2020","23.969,13","23.848,46","24.083,13","23.848,46","368,59M","1,11%"
"23.01.2020","23.707,05","23.716,43","23.901,15","23.611,20","379,43M","0,00%"
"22.01.2020","23.706,29","23.887,83","23.906,79","23.680,40","424,39M","-0,58%"
"21.01.2020","23.845,28","23.858,03","23.860,16","23.645,30","332,90M","-0,65%"
"20.01.2020","24.002,45","24.032,65","24.084,94","23.973,43","218,20M","-0,57%"
"17.01.2020","24.141,07","24.042,60","24.168,66","24.010,86","319,93M","0,84%"
"16.01.2020","23.940,41","23.861,55","23.960,79","23.760,30","361,88M","0,74%"
"15.01.2020","23.763,86","23.902,76","23.931,80","23.719,45","341,18M","-0,69%"
"14.01.2020","23.928,21","23.931,94","23.947,97","23.706,43","350,71M","0,13%"
"13.01.2020","23.896,59","24.061,45","24.061,45","23.829,41","340,84M","-0,52%"
"10.01.2020","24.021,40","24.061,43","24.146,55","23.966,36","326,01M","0,02%"
"09.01.2020","24.016,70","23.979,65","24.078,29","23.963,51","430,64M","0,77%"
"08.01.2020","23.832,02","23.550,61","23.893,01","23.480,62","472,51M","0,46%"
"07.01.2020","23.723,38","23.688,25","23.793,67","23.635,90","306,34M","0,60%"
"06.01.2020","23.581,29","23.565,92","23.607,54","23.265,21","349,16M","-0,51%"
"03.01.2020","23.702,35","23.709,90","23.759,89","23.516,81","325,92M","-0,56%"
"02.01.2020","23.836,26","23.606,97","23.861,99","23.571,59","264,54M","1,40%"